datetime,date,time,hour,day_of_week,temperature_celsius,humidity_percent,precipitation_mm,rain_mm,snowfall_cm,cloud_cover_percent,wind_speed_kmh,wind_direction_degrees,surface_pressure_hpa
2025-10-27 00:00:00,2025-10-27,00:00:00,0,Monday,6.9,70,0.0,0.0,0.0,0,5.6,17,1024.9
2025-10-27 01:00:00,2025-10-27,01:00:00,1,Monday,5.8,75,0.0,0.0,0.0,0,5.4,4,1025.0
2025-10-27 02:00:00,2025-10-27,02:00:00,2,Monday,5.2,75,0.0,0.0,0.0,0,6.1,19,1024.9
2025-10-27 03:00:00,2025-10-27,03:00:00,3,Monday,5.2,71,0.0,0.0,0.0,0,8.3,22,1024.6
2025-10-27 04:00:00,2025-10-27,04:00:00,4,Monday,4.8,71,0.0,0.0,0.0,0,8.6,15,1024.8
2025-10-27 05:00:00,2025-10-27,05:00:00,5,Monday,4.0,77,0.0,0.0,0.0,0,6.3,3,1025.3
2025-10-27 06:00:00,2025-10-27,06:00:00,6,Monday,3.3,81,0.0,0.0,0.0,0,5.7,349,1025.5
2025-10-27 07:00:00,2025-10-27,07:00:00,7,Monday,3.7,86,0.0,0.0,0.0,0,7.9,356,1025.7
2025-10-27 08:00:00,2025-10-27,08:00:00,8,Monday,4.7,79,0.0,0.0,0.0,0,7.2,360,1025.9
2025-10-27 09:00:00,2025-10-27,09:00:00,9,Monday,6.8,69,0.0,0.0,0.0,0,6.9,7,1025.6
2025-10-27 10:00:00,2025-10-27,10:00:00,10,Monday,9.2,57,0.0,0.0,0.0,0,6.9,14,1025.4
2025-10-27 11:00:00,2025-10-27,11:00:00,11,Monday,11.0,47,0.0,0.0,0.0,0,7.6,18,1025.1
2025-10-27 12:00:00,2025-10-27,12:00:00,12,Monday,12.0,43,0.0,0.0,0.0,0,7.5,11,1024.3
2025-10-27 13:00:00,2025-10-27,13:00:00,13,Monday,12.6,42,0.0,0.0,0.0,0,7.6,355,1023.5
2025-10-27 14:00:00,2025-10-27,14:00:00,14,Monday,12.8,41,0.0,0.0,0.0,0,8.1,354,1022.9
2025-10-27 15:00:00,2025-10-27,15:00:00,15,Monday,12.5,41,0.0,0.0,0.0,0,9.2,1,1022.5
2025-10-27 16:00:00,2025-10-27,16:00:00,16,Monday,11.8,45,0.0,0.0,0.0,0,9.9,5,1022.3
2025-10-27 17:00:00,2025-10-27,17:00:00,17,Monday,9.9,59,0.0,0.0,0.0,0,4.9,6,1022.5
2025-10-27 18:00:00,2025-10-27,18:00:00,18,Monday,8.8,65,0.0,0.0,0.0,0,3.8,357,1023.3
2025-10-27 19:00:00,2025-10-27,19:00:00,19,Monday,8.6,63,0.0,0.0,0.0,0,5.8,356,1023.6
2025-10-27 20:00:00,2025-10-27,20:00:00,20,Monday,8.3,60,0.0,0.0,0.0,16,11.7,14,1024.0
2025-10-27 21:00:00,2025-10-27,21:00:00,21,Monday,7.2,69,0.0,0.0,0.0,15,9.3,16,1024.2
2025-10-27 22:00:00,2025-10-27,22:00:00,22,Monday,6.6,73,0.0,0.0,0.0,20,7.3,25,1024.4
2025-10-27 23:00:00,2025-10-27,23:00:00,23,Monday,6.1,76,0.0,0.0,0.0,9,8.7,8,1024.0
2025-10-28 00:00:00,2025-10-28,00:00:00,0,Tuesday,5.8,77,0.0,0.0,0.0,10,8.8,11,1023.7
2025-10-28 01:00:00,2025-10-28,01:00:00,1,Tuesday,5.7,74,0.0,0.0,0.0,16,10.0,17,1023.6
2025-10-28 02:00:00,2025-10-28,02:00:00,2,Tuesday,5.4,75,0.0,0.0,0.0,23,9.2,20,1023.7
2025-10-28 03:00:00,2025-10-28,03:00:00,3,Tuesday,5.0,77,0.0,0.0,0.0,4,9.6,16,1023.3
2025-10-28 04:00:00,2025-10-28,04:00:00,4,Tuesday,4.7,78,0.0,0.0,0.0,0,9.5,19,1023.1
2025-10-28 05:00:00,2025-10-28,05:00:00,5,Tuesday,4.4,80,0.0,0.0,0.0,0,10.8,18,1023.0
2025-10-28 06:00:00,2025-10-28,06:00:00,6,Tuesday,4.1,81,0.0,0.0,0.0,0,10.9,16,1023.0
2025-10-28 07:00:00,2025-10-28,07:00:00,7,Tuesday,4.5,83,0.0,0.0,0.0,0,10.7,5,1023.6
2025-10-28 08:00:00,2025-10-28,08:00:00,8,Tuesday,5.9,78,0.0,0.0,0.0,100,9.7,3,1023.6
2025-10-28 09:00:00,2025-10-28,09:00:00,9,Tuesday,7.9,67,0.0,0.0,0.0,100,10.9,20,1023.6
2025-10-28 10:00:00,2025-10-28,10:00:00,10,Tuesday,10.0,59,0.0,0.0,0.0,93,13.9,38,1023.0
2025-10-28 11:00:00,2025-10-28,11:00:00,11,Tuesday,11.7,54,0.0,0.0,0.0,100,21.7,61,1022.5
2025-10-28 12:00:00,2025-10-28,12:00:00,12,Tuesday,11.7,56,0.0,0.0,0.0,100,19.8,60,1021.3
2025-10-28 13:00:00,2025-10-28,13:00:00,13,Tuesday,11.5,59,0.0,0.0,0.0,100,20.4,64,1020.8
2025-10-28 14:00:00,2025-10-28,14:00:00,14,Tuesday,11.7,58,0.0,0.0,0.0,100,17.4,62,1020.4
2025-10-28 15:00:00,2025-10-28,15:00:00,15,Tuesday,12.0,55,0.0,0.0,0.0,100,16.0,57,1020.3
2025-10-28 16:00:00,2025-10-28,16:00:00,16,Tuesday,12.2,53,0.0,0.0,0.0,100,11.7,52,1019.5
2025-10-28 17:00:00,2025-10-28,17:00:00,17,Tuesday,11.7,55,0.0,0.0,0.0,100,8.4,40,1019.2
2025-10-28 18:00:00,2025-10-28,18:00:00,18,Tuesday,11.7,54,0.0,0.0,0.0,100,12.3,30,1018.8
2025-10-28 19:00:00,2025-10-28,19:00:00,19,Tuesday,11.5,56,0.0,0.0,0.0,100,11.5,25,1019.0
2025-10-28 20:00:00,2025-10-28,20:00:00,20,Tuesday,11.1,57,0.0,0.0,0.0,100,12.9,35,1019.1
2025-10-28 21:00:00,2025-10-28,21:00:00,21,Tuesday,10.5,60,0.0,0.0,0.0,96,14.3,42,1019.0
2025-10-28 22:00:00,2025-10-28,22:00:00,22,Tuesday,10.0,61,0.0,0.0,0.0,97,14.9,37,1018.8
2025-10-28 23:00:00,2025-10-28,23:00:00,23,Tuesday,9.6,65,0.0,0.0,0.0,96,16.7,34,1018.4
2025-10-29 00:00:00,2025-10-29,00:00:00,0,Wednesday,9.1,69,0.0,0.0,0.0,86,16.1,31,1017.6
2025-10-29 01:00:00,2025-10-29,01:00:00,1,Wednesday,9.1,69,0.0,0.0,0.0,30,14.4,24,1017.6
2025-10-29 02:00:00,2025-10-29,02:00:00,2,Wednesday,8.5,71,0.0,0.0,0.0,36,14.0,22,1017.3
2025-10-29 03:00:00,2025-10-29,03:00:00,3,Wednesday,8.0,74,0.0,0.0,0.0,38,13.2,17,1017.2
2025-10-29 04:00:00,2025-10-29,04:00:00,4,Wednesday,7.8,75,0.0,0.0,0.0,100,12.5,15,1017.2
2025-10-29 05:00:00,2025-10-29,05:00:00,5,Wednesday,7.7,76,0.0,0.0,0.0,29,13.3,16,1016.9
2025-10-29 06:00:00,2025-10-29,06:00:00,6,Wednesday,7.7,74,0.0,0.0,0.0,7,13.5,16,1016.6
2025-10-29 07:00:00,2025-10-29,07:00:00,7,Wednesday,7.0,76,0.0,0.0,0.0,100,11.3,27,1016.8
2025-10-29 08:00:00,2025-10-29,08:00:00,8,Wednesday,8.3,70,0.0,0.0,0.0,93,9.2,7,1017.4
2025-10-29 09:00:00,2025-10-29,09:00:00,9,Wednesday,10.0,61,0.0,0.0,0.0,100,11.7,15,1017.4
2025-10-29 10:00:00,2025-10-29,10:00:00,10,Wednesday,11.8,56,0.0,0.0,0.0,100,11.6,41,1017.3
2025-10-29 11:00:00,2025-10-29,11:00:00,11,Wednesday,13.0,55,0.0,0.0,0.0,100,10.9,52,1017.0
2025-10-29 12:00:00,2025-10-29,12:00:00,12,Wednesday,13.5,54,0.0,0.0,0.0,100,10.9,56,1015.9
2025-10-29 13:00:00,2025-10-29,13:00:00,13,Wednesday,12.6,59,0.0,0.0,0.0,100,10.7,60,1016.0
2025-10-29 14:00:00,2025-10-29,14:00:00,14,Wednesday,12.5,60,0.0,0.0,0.0,100,10.6,58,1015.7
2025-10-29 15:00:00,2025-10-29,15:00:00,15,Wednesday,12.2,63,0.0,0.0,0.0,77,11.8,54,1015.2
2025-10-29 16:00:00,2025-10-29,16:00:00,16,Wednesday,11.9,65,0.0,0.0,0.0,38,11.2,64,1015.5
2025-10-29 17:00:00,2025-10-29,17:00:00,17,Wednesday,11.0,70,0.0,0.0,0.0,61,8.1,58,1015.7
2025-10-29 18:00:00,2025-10-29,18:00:00,18,Wednesday,10.7,71,0.0,0.0,0.0,24,7.9,51,1015.7
2025-10-29 19:00:00,2025-10-29,19:00:00,19,Wednesday,10.8,72,0.0,0.0,0.0,100,8.9,50,1015.9
2025-10-29 20:00:00,2025-10-29,20:00:00,20,Wednesday,11.2,71,0.0,0.0,0.0,95,8.2,50,1015.9
2025-10-29 21:00:00,2025-10-29,21:00:00,21,Wednesday,11.1,72,0.0,0.0,0.0,98,9.6,49,1015.5
2025-10-29 22:00:00,2025-10-29,22:00:00,22,Wednesday,11.0,75,0.1,0.1,0.0,100,8.3,63,1015.5
2025-10-29 23:00:00,2025-10-29,23:00:00,23,Wednesday,11.0,77,0.0,0.0,0.0,100,8.8,55,1014.9
2025-10-30 00:00:00,2025-10-30,00:00:00,0,Thursday,10.7,81,0.1,0.1,0.0,100,13.1,65,1013.6
2025-10-30 01:00:00,2025-10-30,01:00:00,1,Thursday,10.7,84,0.2,0.2,0.0,100,14.4,64,1012.6
2025-10-30 02:00:00,2025-10-30,02:00:00,2,Thursday,11.0,85,0.0,0.0,0.0,100,13.9,69,1011.7
2025-10-30 03:00:00,2025-10-30,03:00:00,3,Thursday,11.2,85,0.0,0.0,0.0,100,14.7,71,1010.8
2025-10-30 04:00:00,2025-10-30,04:00:00,4,Thursday,11.4,86,0.4,0.4,0.0,100,15.5,65,1010.1
2025-10-30 05:00:00,2025-10-30,05:00:00,5,Thursday,11.6,89,2.7,2.7,0.0,100,17.3,66,1008.5
2025-10-30 06:00:00,2025-10-30,06:00:00,6,Thursday,11.8,93,0.9,0.9,0.0,100,18.4,78,1007.4
2025-10-30 07:00:00,2025-10-30,07:00:00,7,Thursday,12.3,91,0.4,0.4,0.0,100,15.5,72,1007.3
2025-10-30 08:00:00,2025-10-30,08:00:00,8,Thursday,13.0,89,0.4,0.4,0.0,100,17.1,82,1006.6
2025-10-30 09:00:00,2025-10-30,09:00:00,9,Thursday,13.3,92,4.0,4.0,0.0,100,20.8,94,1005.4
2025-10-30 10:00:00,2025-10-30,10:00:00,10,Thursday,14.2,89,0.8,0.8,0.0,100,24.5,92,1003.0
2025-10-30 11:00:00,2025-10-30,11:00:00,11,Thursday,14.9,87,4.7,4.7,0.0,100,24.0,100,1001.7
2025-10-30 12:00:00,2025-10-30,12:00:00,12,Thursday,15.1,88,5.6,5.6,0.0,100,26.5,108,999.7
2025-10-30 13:00:00,2025-10-30,13:00:00,13,Thursday,14.8,95,9.3,9.3,0.0,100,25.3,103,998.0
2025-10-30 14:00:00,2025-10-30,14:00:00,14,Thursday,15.6,95,4.3,4.3,0.0,100,25.8,124,997.6
2025-10-30 15:00:00,2025-10-30,15:00:00,15,Thursday,15.7,96,4.2,4.2,0.0,100,21.2,103,996.4
2025-10-30 16:00:00,2025-10-30,16:00:00,16,Thursday,15.9,97,1.7,1.7,0.0,100,16.3,98,995.0
2025-10-30 17:00:00,2025-10-30,17:00:00,17,Thursday,16.0,97,1.1,1.1,0.0,100,11.3,110,994.2
2025-10-30 18:00:00,2025-10-30,18:00:00,18,Thursday,16.4,97,0.8,0.8,0.0,91,14.3,132,993.0
2025-10-30 19:00:00,2025-10-30,19:00:00,19,Thursday,16.1,98,0.4,0.4,0.0,75,11.8,130,992.6
2025-10-30 20:00:00,2025-10-30,20:00:00,20,Thursday,15.8,98,0.6,0.6,0.0,96,10.2,131,992.1
2025-10-30 21:00:00,2025-10-30,21:00:00,21,Thursday,15.5,99,0.1,0.1,0.0,100,8.1,135,991.2
2025-10-30 22:00:00,2025-10-30,22:00:00,22,Thursday,15.1,99,1.7,1.7,0.0,98,8.0,243,990.3
2025-10-30 23:00:00,2025-10-30,23:00:00,23,Thursday,14.7,93,0.0,0.0,0.0,15,12.3,262,989.2
2025-10-31 00:00:00,2025-10-31,00:00:00,0,Friday,13.4,94,0.0,0.0,0.0,20,12.2,244,988.9
2025-10-31 01:00:00,2025-10-31,01:00:00,1,Friday,12.2,93,0.0,0.0,0.0,2,20.2,250,988.8
2025-10-31 02:00:00,2025-10-31,02:00:00,2,Friday,11.2,90,0.0,0.0,0.0,36,17.9,260,988.3
2025-10-31 03:00:00,2025-10-31,03:00:00,3,Friday,10.7,87,0.0,0.0,0.0,0,15.7,255,988.0
2025-10-31 04:00:00,2025-10-31,04:00:00,4,Friday,10.2,86,0.0,0.0,0.0,0,16.9,248,987.9
2025-10-31 05:00:00,2025-10-31,05:00:00,5,Friday,10.2,86,0.0,0.0,0.0,2,17.3,247,988.2
2025-10-31 06:00:00,2025-10-31,06:00:00,6,Friday,9.9,86,0.0,0.0,0.0,5,16.5,248,988.9
2025-10-31 07:00:00,2025-10-31,07:00:00,7,Friday,10.6,79,0.0,0.0,0.0,45,16.3,254,989.9
2025-10-31 08:00:00,2025-10-31,08:00:00,8,Friday,11.7,78,0.0,0.0,0.0,66,13.2,240,990.5
2025-10-31 09:00:00,2025-10-31,09:00:00,9,Friday,12.1,67,0.0,0.0,0.0,100,22.2,257,991.0
2025-10-31 10:00:00,2025-10-31,10:00:00,10,Friday,11.9,60,0.0,0.0,0.0,100,22.2,266,991.7
2025-10-31 11:00:00,2025-10-31,11:00:00,11,Friday,12.3,55,0.0,0.0,0.0,81,24.3,273,992.0
2025-10-31 12:00:00,2025-10-31,12:00:00,12,Friday,12.9,52,0.0,0.0,0.0,97,24.8,271,991.7
2025-10-31 13:00:00,2025-10-31,13:00:00,13,Friday,13.0,48,0.0,0.0,0.0,85,27.1,274,991.9
2025-10-31 14:00:00,2025-10-31,14:00:00,14,Friday,13.4,47,0.0,0.0,0.0,81,25.7,269,992.1
2025-10-31 15:00:00,2025-10-31,15:00:00,15,Friday,13.0,52,0.0,0.0,0.0,26,27.4,264,992.9
2025-10-31 16:00:00,2025-10-31,16:00:00,16,Friday,12.2,52,0.0,0.0,0.0,37,26.3,269,994.0
2025-10-31 17:00:00,2025-10-31,17:00:00,17,Friday,11.6,54,0.0,0.0,0.0,24,20.6,261,995.1
2025-10-31 18:00:00,2025-10-31,18:00:00,18,Friday,11.7,50,0.0,0.0,0.0,55,22.3,257,995.9
2025-10-31 19:00:00,2025-10-31,19:00:00,19,Friday,11.5,46,0.0,0.0,0.0,13,21.6,262,996.9
2025-10-31 20:00:00,2025-10-31,20:00:00,20,Friday,11.3,46,0.0,0.0,0.0,28,22.9,265,997.5
2025-10-31 21:00:00,2025-10-31,21:00:00,21,Friday,10.8,49,0.0,0.0,0.0,4,20.4,260,998.5
2025-10-31 22:00:00,2025-10-31,22:00:00,22,Friday,10.2,52,0.0,0.0,0.0,2,18.8,261,999.3
2025-10-31 23:00:00,2025-10-31,23:00:00,23,Friday,9.8,55,0.0,0.0,0.0,11,19.7,265,1000.3
2025-11-01 00:00:00,2025-11-01,00:00:00,0,Saturday,9.2,59,0.0,0.0,0.0,2,18.9,270,1001.5
2025-11-01 01:00:00,2025-11-01,01:00:00,1,Saturday,9.2,57,0.0,0.0,0.0,1,19.1,271,1002.1
2025-11-01 02:00:00,2025-11-01,02:00:00,2,Saturday,8.9,57,0.0,0.0,0.0,0,18.9,277,1003.0
2025-11-01 03:00:00,2025-11-01,03:00:00,3,Saturday,8.4,59,0.0,0.0,0.0,1,17.1,278,1003.7
2025-11-01 04:00:00,2025-11-01,04:00:00,4,Saturday,8.0,60,0.0,0.0,0.0,0,16.9,279,1004.8
2025-11-01 05:00:00,2025-11-01,05:00:00,5,Saturday,7.8,61,0.0,0.0,0.0,0,15.6,277,1006.0
2025-11-01 06:00:00,2025-11-01,06:00:00,6,Saturday,7.5,63,0.0,0.0,0.0,31,14.1,272,1007.1
2025-11-01 07:00:00,2025-11-01,07:00:00,7,Saturday,8.2,58,0.0,0.0,0.0,52,13.9,276,1007.8
2025-11-01 08:00:00,2025-11-01,08:00:00,8,Saturday,9.3,60,0.0,0.0,0.0,40,12.2,269,1008.9
2025-11-01 09:00:00,2025-11-01,09:00:00,9,Saturday,10.7,54,0.0,0.0,0.0,16,13.0,267,1009.2
2025-11-01 10:00:00,2025-11-01,10:00:00,10,Saturday,11.6,47,0.0,0.0,0.0,55,20.1,292,1009.4
2025-11-01 11:00:00,2025-11-01,11:00:00,11,Saturday,12.6,44,0.0,0.0,0.0,80,21.0,291,1009.7
2025-11-01 12:00:00,2025-11-01,12:00:00,12,Saturday,13.9,38,0.0,0.0,0.0,55,22.0,291,1009.5
2025-11-01 13:00:00,2025-11-01,13:00:00,13,Saturday,14.1,39,0.0,0.0,0.0,32,21.8,294,1009.6
2025-11-01 14:00:00,2025-11-01,14:00:00,14,Saturday,14.3,38,0.0,0.0,0.0,33,21.3,294,1009.8
2025-11-01 15:00:00,2025-11-01,15:00:00,15,Saturday,14.0,41,0.0,0.0,0.0,23,17.3,303,1010.3
2025-11-01 16:00:00,2025-11-01,16:00:00,16,Saturday,12.9,46,0.0,0.0,0.0,24,14.3,305,1011.3
2025-11-01 17:00:00,2025-11-01,17:00:00,17,Saturday,11.2,53,0.0,0.0,0.0,73,9.7,315,1012.3
2025-11-01 18:00:00,2025-11-01,18:00:00,18,Saturday,9.5,65,0.0,0.0,0.0,24,5.5,311,1013.2
2025-11-01 19:00:00,2025-11-01,19:00:00,19,Saturday,8.9,66,0.0,0.0,0.0,35,5.0,291,1014.1
2025-11-01 20:00:00,2025-11-01,20:00:00,20,Saturday,8.3,68,0.0,0.0,0.0,84,4.2,280,1014.8
2025-11-01 21:00:00,2025-11-01,21:00:00,21,Saturday,7.8,70,0.0,0.0,0.0,91,4.9,272,1015.6
2025-11-01 22:00:00,2025-11-01,22:00:00,22,Saturday,7.6,70,0.0,0.0,0.0,99,5.8,306,1016.2
2025-11-01 23:00:00,2025-11-01,23:00:00,23,Saturday,7.5,70,0.0,0.0,0.0,99,6.2,319,1016.8
2025-11-02 00:00:00,2025-11-02,00:00:00,0,Sunday,7.0,74,0.0,0.0,0.0,96,5.8,321,1017.3
2025-11-02 01:00:00,2025-11-02,01:00:00,1,Sunday,6.0,74,0.0,0.0,0.0,100,5.2,319,1017.8
2025-11-02 02:00:00,2025-11-02,02:00:00,2,Sunday,5.2,78,0.0,0.0,0.0,46,4.0,339,1018.4
2025-11-02 03:00:00,2025-11-02,03:00:00,3,Sunday,5.1,80,0.0,0.0,0.0,9,1.8,360,1019.0
2025-11-02 04:00:00,2025-11-02,04:00:00,4,Sunday,4.7,82,0.0,0.0,0.0,6,2.3,360,1019.6
2025-11-02 05:00:00,2025-11-02,05:00:00,5,Sunday,4.2,84,0.0,0.0,0.0,0,4.1,360,1020.1
2025-11-02 06:00:00,2025-11-02,06:00:00,6,Sunday,4.0,85,0.0,0.0,0.0,11,4.5,353,1020.6
2025-11-02 07:00:00,2025-11-02,07:00:00,7,Sunday,3.9,90,0.0,0.0,0.0,9,3.1,336,1021.4
2025-11-02 08:00:00,2025-11-02,08:00:00,8,Sunday,5.3,84,0.0,0.0,0.0,34,3.7,321,1022.4
2025-11-02 09:00:00,2025-11-02,09:00:00,9,Sunday,7.6,76,0.0,0.0,0.0,6,1.9,311,1022.8
2025-11-02 10:00:00,2025-11-02,10:00:00,10,Sunday,9.7,66,0.0,0.0,0.0,2,1.7,319,1022.8
2025-11-02 11:00:00,2025-11-02,11:00:00,11,Sunday,11.3,61,0.0,0.0,0.0,0,1.9,236,1022.8
2025-11-02 12:00:00,2025-11-02,12:00:00,12,Sunday,12.4,58,0.0,0.0,0.0,0,4.5,220,1022.1
2025-11-02 13:00:00,2025-11-02,13:00:00,13,Sunday,13.9,51,0.0,0.0,0.0,11,7.1,216,1021.0
2025-11-02 14:00:00,2025-11-02,14:00:00,14,Sunday,14.5,49,0.0,0.0,0.0,9,7.8,212,1020.5
2025-11-02 15:00:00,2025-11-02,15:00:00,15,Sunday,14.8,47,0.0,0.0,0.0,1,8.4,211,1020.2
2025-11-02 16:00:00,2025-11-02,16:00:00,16,Sunday,13.8,53,0.0,0.0,0.0,16,9.3,199,1020.4
2025-11-02 17:00:00,2025-11-02,17:00:00,17,Sunday,11.7,63,0.0,0.0,0.0,99,7.2,179,1020.4
2025-11-02 18:00:00,2025-11-02,18:00:00,18,Sunday,10.5,71,0.0,0.0,0.0,99,5.4,184,1021.0
2025-11-02 19:00:00,2025-11-02,19:00:00,19,Sunday,10.2,78,0.0,0.0,0.0,100,5.5,171,1021.2
2025-11-02 20:00:00,2025-11-02,20:00:00,20,Sunday,9.7,82,0.0,0.0,0.0,100,4.5,182,1021.1
2025-11-02 21:00:00,2025-11-02,21:00:00,21,Sunday,9.4,82,0.0,0.0,0.0,100,4.4,207,1021.4
2025-11-02 22:00:00,2025-11-02,22:00:00,22,Sunday,8.9,84,0.0,0.0,0.0,100,4.5,209,1021.3
2025-11-02 23:00:00,2025-11-02,23:00:00,23,Sunday,8.5,85,0.0,0.0,0.0,100,4.8,225,1021.3
2025-11-03 00:00:00,2025-11-03,00:00:00,0,Monday,8.0,85,0.0,0.0,0.0,12,2.4,228,1020.4
2025-11-03 01:00:00,2025-11-03,01:00:00,1,Monday,7.0,86,0.0,0.0,0.0,22,2.9,240,1020.7
2025-11-03 02:00:00,2025-11-03,02:00:00,2,Monday,6.3,87,0.0,0.0,0.0,82,2.6,236,1020.5
2025-11-03 03:00:00,2025-11-03,03:00:00,3,Monday,6.1,88,0.0,0.0,0.0,100,3.8,253,1020.3
2025-11-03 04:00:00,2025-11-03,04:00:00,4,Monday,6.6,88,0.0,0.0,0.0,100,1.7,311,1019.8
2025-11-03 05:00:00,2025-11-03,05:00:00,5,Monday,6.3,91,0.0,0.0,0.0,100,2.4,333,1019.2
2025-11-03 06:00:00,2025-11-03,06:00:00,6,Monday,6.3,93,0.0,0.0,0.0,100,2.8,305,1018.9
2025-11-03 07:00:00,2025-11-03,07:00:00,7,Monday,6.4,97,0.0,0.0,0.0,100,0.5,270,1018.5
2025-11-03 08:00:00,2025-11-03,08:00:00,8,Monday,7.0,94,0.0,0.0,0.0,100,4.7,230,1018.6
2025-11-03 09:00:00,2025-11-03,09:00:00,9,Monday,9.5,85,0.0,0.0,0.0,21,2.7,312,1018.1
2025-11-03 10:00:00,2025-11-03,10:00:00,10,Monday,12.5,74,0.0,0.0,0.0,82,2.8,285,1017.1
2025-11-03 11:00:00,2025-11-03,11:00:00,11,Monday,13.6,71,0.0,0.0,0.0,100,4.6,222,1015.7
2025-11-03 12:00:00,2025-11-03,12:00:00,12,Monday,13.3,71,0.0,0.0,0.0,100,7.0,177,1013.4
2025-11-03 13:00:00,2025-11-03,13:00:00,13,Monday,13.9,67,0.0,0.0,0.0,100,7.3,226,1012.7
2025-11-03 14:00:00,2025-11-03,14:00:00,14,Monday,13.3,71,0.0,0.0,0.0,100,5.6,230,1011.4
2025-11-03 15:00:00,2025-11-03,15:00:00,15,Monday,12.9,74,0.0,0.0,0.0,98,4.7,189,1010.5
2025-11-03 16:00:00,2025-11-03,16:00:00,16,Monday,12.7,72,0.0,0.0,0.0,70,6.9,186,1009.1
2025-11-03 17:00:00,2025-11-03,17:00:00,17,Monday,11.0,76,0.0,0.0,0.0,99,6.3,211,1009.2
2025-11-03 18:00:00,2025-11-03,18:00:00,18,Monday,11.4,74,0.0,0.0,0.0,98,8.8,199,1008.6
2025-11-03 19:00:00,2025-11-03,19:00:00,19,Monday,12.2,76,0.0,0.0,0.0,100,11.7,221,1008.0
2025-11-03 20:00:00,2025-11-03,20:00:00,20,Monday,12.0,78,0.1,0.1,0.0,38,14.2,249,1007.8
2025-11-03 21:00:00,2025-11-03,21:00:00,21,Monday,11.9,66,0.0,0.0,0.0,0,16.3,287,1008.1
2025-11-03 22:00:00,2025-11-03,22:00:00,22,Monday,11.2,54,0.0,0.0,0.0,0,16.3,289,1008.2
2025-11-03 23:00:00,2025-11-03,23:00:00,23,Monday,10.5,55,0.0,0.0,0.0,2,17.3,286,1008.3
2025-11-04 00:00:00,2025-11-04,00:00:00,0,Tuesday,10.0,55,0.0,0.0,0.0,2,17.8,291,1008.7
2025-11-04 01:00:00,2025-11-04,01:00:00,1,Tuesday,9.8,57,0.0,0.0,0.0,3,18.0,291,1009.3
2025-11-04 02:00:00,2025-11-04,02:00:00,2,Tuesday,9.4,57,0.0,0.0,0.0,2,18.2,300,1010.0
2025-11-04 03:00:00,2025-11-04,03:00:00,3,Tuesday,8.9,56,0.0,0.0,0.0,0,16.3,295,1010.5
2025-11-04 04:00:00,2025-11-04,04:00:00,4,Tuesday,8.5,56,0.0,0.0,0.0,1,16.0,291,1011.3
2025-11-04 05:00:00,2025-11-04,05:00:00,5,Tuesday,8.2,56,0.0,0.0,0.0,2,14.5,291,1012.3
2025-11-04 06:00:00,2025-11-04,06:00:00,6,Tuesday,7.9,56,0.0,0.0,0.0,2,14.3,291,1013.0
2025-11-04 07:00:00,2025-11-04,07:00:00,7,Tuesday,8.4,56,0.0,0.0,0.0,0,14.1,295,1013.6
2025-11-04 08:00:00,2025-11-04,08:00:00,8,Tuesday,9.5,54,0.0,0.0,0.0,0,14.0,290,1014.6
2025-11-04 09:00:00,2025-11-04,09:00:00,9,Tuesday,10.8,51,0.0,0.0,0.0,0,14.0,278,1015.2
2025-11-04 10:00:00,2025-11-04,10:00:00,10,Tuesday,11.9,46,0.0,0.0,0.0,0,18.0,289,1015.1
2025-11-04 11:00:00,2025-11-04,11:00:00,11,Tuesday,12.7,44,0.0,0.0,0.0,4,19.3,291,1015.0
2025-11-04 12:00:00,2025-11-04,12:00:00,12,Tuesday,13.3,40,0.0,0.0,0.0,53,21.0,300,1014.5
2025-11-04 13:00:00,2025-11-04,13:00:00,13,Tuesday,14.6,34,0.0,0.0,0.0,1,19.3,301,1013.7
2025-11-04 14:00:00,2025-11-04,14:00:00,14,Tuesday,14.8,31,0.0,0.0,0.0,32,23.1,306,1013.7
2025-11-04 15:00:00,2025-11-04,15:00:00,15,Tuesday,14.6,32,0.0,0.0,0.0,0,14.4,294,1013.9
2025-11-04 16:00:00,2025-11-04,16:00:00,16,Tuesday,14.0,35,0.0,0.0,0.0,1,11.7,269,1013.9
2025-11-04 17:00:00,2025-11-04,17:00:00,17,Tuesday,12.2,42,0.0,0.0,0.0,0,10.5,264,1014.9
2025-11-04 18:00:00,2025-11-04,18:00:00,18,Tuesday,11.3,46,0.0,0.0,0.0,0,9.1,260,1015.8
2025-11-04 19:00:00,2025-11-04,19:00:00,19,Tuesday,10.5,46,0.0,0.0,0.0,0,9.5,237,1016.2
2025-11-04 20:00:00,2025-11-04,20:00:00,20,Tuesday,10.1,48,0.0,0.0,0.0,1,10.2,253,1016.4
2025-11-04 21:00:00,2025-11-04,21:00:00,21,Tuesday,9.3,52,0.0,0.0,0.0,0,8.8,268,1016.9
2025-11-04 22:00:00,2025-11-04,22:00:00,22,Tuesday,8.3,57,0.0,0.0,0.0,0,6.9,277,1017.2
2025-11-04 23:00:00,2025-11-04,23:00:00,23,Tuesday,7.6,60,0.0,0.0,0.0,0,6.7,268,1017.4
2025-11-05 00:00:00,2025-11-05,00:00:00,0,Wednesday,6.9,62,0.0,0.0,0.0,0,6.5,267,1017.2
2025-11-05 01:00:00,2025-11-05,01:00:00,1,Wednesday,6.0,64,0.0,0.0,0.0,29,6.4,262,1017.5
2025-11-05 02:00:00,2025-11-05,02:00:00,2,Wednesday,5.3,66,0.0,0.0,0.0,1,5.6,264,1017.5
2025-11-05 03:00:00,2025-11-05,03:00:00,3,Wednesday,5.0,67,0.0,0.0,0.0,47,5.5,243,1017.2
2025-11-05 04:00:00,2025-11-05,04:00:00,4,Wednesday,4.4,71,0.0,0.0,0.0,20,5.3,242,1017.1
2025-11-05 05:00:00,2025-11-05,05:00:00,5,Wednesday,4.0,73,0.0,0.0,0.0,5,5.2,241,1016.8
2025-11-05 06:00:00,2025-11-05,06:00:00,6,Wednesday,3.9,75,0.0,0.0,0.0,41,4.9,234,1016.6
2025-11-05 07:00:00,2025-11-05,07:00:00,7,Wednesday,4.7,74,0.0,0.0,0.0,72,5.9,232,1016.2
2025-11-05 08:00:00,2025-11-05,08:00:00,8,Wednesday,6.3,71,0.0,0.0,0.0,100,7.1,196,1015.7
2025-11-05 09:00:00,2025-11-05,09:00:00,9,Wednesday,7.4,69,0.0,0.0,0.0,94,6.0,197,1014.9
2025-11-05 10:00:00,2025-11-05,10:00:00,10,Wednesday,9.7,63,0.0,0.0,0.0,82,5.4,188,1013.6
2025-11-05 11:00:00,2025-11-05,11:00:00,11,Wednesday,12.5,52,0.0,0.0,0.0,75,7.6,183,1011.7
2025-11-05 12:00:00,2025-11-05,12:00:00,12,Wednesday,14.9,42,0.0,0.0,0.0,67,11.1,173,1009.2
2025-11-05 13:00:00,2025-11-05,13:00:00,13,Wednesday,17.0,26,0.0,0.0,0.0,68,15.0,190,1006.5
2025-11-05 14:00:00,2025-11-05,14:00:00,14,Wednesday,18.1,27,0.0,0.0,0.0,80,13.2,200,1004.5
2025-11-05 15:00:00,2025-11-05,15:00:00,15,Wednesday,18.2,32,0.0,0.0,0.0,99,12.8,214,1003.0
2025-11-05 16:00:00,2025-11-05,16:00:00,16,Wednesday,17.1,40,0.0,0.0,0.0,97,15.6,219,1001.8
2025-11-05 17:00:00,2025-11-05,17:00:00,17,Wednesday,15.9,49,0.0,0.0,0.0,100,15.3,216,1000.8
2025-11-05 18:00:00,2025-11-05,18:00:00,18,Wednesday,15.5,50,0.0,0.0,0.0,85,16.6,223,999.9
2025-11-05 19:00:00,2025-11-05,19:00:00,19,Wednesday,15.6,50,0.0,0.0,0.0,46,17.8,225,999.3
2025-11-05 20:00:00,2025-11-05,20:00:00,20,Wednesday,16.1,49,0.0,0.0,0.0,34,18.9,230,998.1
2025-11-05 21:00:00,2025-11-05,21:00:00,21,Wednesday,16.4,48,0.0,0.0,0.0,80,19.5,239,997.5
2025-11-05 22:00:00,2025-11-05,22:00:00,22,Wednesday,15.6,53,0.0,0.0,0.0,97,20.6,276,998.3
2025-11-05 23:00:00,2025-11-05,23:00:00,23,Wednesday,13.6,74,1.6,1.6,0.0,100,19.4,290,999.8
2025-11-06 00:00:00,2025-11-06,00:00:00,0,Thursday,12.5,64,0.0,0.0,0.0,2,20.7,287,1001.6
2025-11-06 01:00:00,2025-11-06,01:00:00,1,Thursday,11.4,52,0.0,0.0,0.0,15,23.4,297,1003.0
2025-11-06 02:00:00,2025-11-06,02:00:00,2,Thursday,10.1,55,0.0,0.0,0.0,1,22.4,299,1004.6
2025-11-06 03:00:00,2025-11-06,03:00:00,3,Thursday,9.0,59,0.0,0.0,0.0,56,21.9,302,1006.1
2025-11-06 04:00:00,2025-11-06,04:00:00,4,Thursday,8.4,62,0.0,0.0,0.0,38,19.0,301,1007.1
2025-11-06 05:00:00,2025-11-06,05:00:00,5,Thursday,7.9,64,0.0,0.0,0.0,27,16.5,300,1008.4
2025-11-06 06:00:00,2025-11-06,06:00:00,6,Thursday,7.5,66,0.0,0.0,0.0,28,14.3,295,1009.5
2025-11-06 07:00:00,2025-11-06,07:00:00,7,Thursday,7.8,60,0.0,0.0,0.0,9,15.0,290,1010.9
2025-11-06 08:00:00,2025-11-06,08:00:00,8,Thursday,8.6,58,0.0,0.0,0.0,9,12.8,284,1012.1
2025-11-06 09:00:00,2025-11-06,09:00:00,9,Thursday,9.4,52,0.0,0.0,0.0,3,17.6,296,1012.7
2025-11-06 10:00:00,2025-11-06,10:00:00,10,Thursday,10.3,44,0.0,0.0,0.0,23,22.4,314,1013.4
2025-11-06 11:00:00,2025-11-06,11:00:00,11,Thursday,11.1,36,0.0,0.0,0.0,58,22.8,313,1013.7
2025-11-06 12:00:00,2025-11-06,12:00:00,12,Thursday,11.4,36,0.0,0.0,0.0,46,21.9,312,1013.6
2025-11-06 13:00:00,2025-11-06,13:00:00,13,Thursday,11.6,36,0.0,0.0,0.0,100,20.7,303,1014.0
2025-11-06 14:00:00,2025-11-06,14:00:00,14,Thursday,11.4,35,0.0,0.0,0.0,89,20.1,306,1014.2
2025-11-06 15:00:00,2025-11-06,15:00:00,15,Thursday,10.9,36,0.0,0.0,0.0,75,18.7,305,1014.7
2025-11-06 16:00:00,2025-11-06,16:00:00,16,Thursday,10.3,39,0.0,0.0,0.0,5,14.7,306,1015.3
2025-11-06 17:00:00,2025-11-06,17:00:00,17,Thursday,8.9,46,0.0,0.0,0.0,19,8.8,303,1015.8
2025-11-06 18:00:00,2025-11-06,18:00:00,18,Thursday,7.9,53,0.0,0.0,0.0,100,6.4,313,1016.2
2025-11-06 19:00:00,2025-11-06,19:00:00,19,Thursday,7.1,51,0.0,0.0,0.0,100,7.8,341,1016.9
2025-11-06 20:00:00,2025-11-06,20:00:00,20,Thursday,6.6,56,0.0,0.0,0.0,100,5.7,342,1017.5
2025-11-06 21:00:00,2025-11-06,21:00:00,21,Thursday,5.8,64,0.0,0.0,0.0,80,4.1,331,1017.8
2025-11-06 22:00:00,2025-11-06,22:00:00,22,Thursday,5.2,67,0.0,0.0,0.0,55,1.9,292,1018.0
2025-11-06 23:00:00,2025-11-06,23:00:00,23,Thursday,4.8,69,0.0,0.0,0.0,27,1.4,270,1017.9
2025-11-07 00:00:00,2025-11-07,00:00:00,0,Friday,4.1,74,0.0,0.0,0.0,86,2.1,239,1017.6
2025-11-07 01:00:00,2025-11-07,01:00:00,1,Friday,3.2,80,0.0,0.0,0.0,80,3.5,255,1017.5
2025-11-07 02:00:00,2025-11-07,02:00:00,2,Friday,2.3,83,0.0,0.0,0.0,84,3.2,236,1017.3
2025-11-07 03:00:00,2025-11-07,03:00:00,3,Friday,1.9,88,0.0,0.0,0.0,100,3.3,229,1017.0
2025-11-07 04:00:00,2025-11-07,04:00:00,4,Friday,1.8,89,0.0,0.0,0.0,98,2.6,236,1016.8
2025-11-07 05:00:00,2025-11-07,05:00:00,5,Friday,1.6,89,0.0,0.0,0.0,33,1.8,225,1016.5
2025-11-07 06:00:00,2025-11-07,06:00:00,6,Friday,1.7,84,0.0,0.0,0.0,52,2.1,250,1016.0
2025-11-07 07:00:00,2025-11-07,07:00:00,7,Friday,2.7,81,0.0,0.0,0.0,98,1.9,236,1015.8
2025-11-07 08:00:00,2025-11-07,08:00:00,8,Friday,4.5,72,0.0,0.0,0.0,100,5.8,210,1015.3
2025-11-07 09:00:00,2025-11-07,09:00:00,9,Friday,6.9,64,0.0,0.0,0.0,100,2.0,185,1014.6
2025-11-07 10:00:00,2025-11-07,10:00:00,10,Friday,8.9,57,0.0,0.0,0.0,99,5.6,195,1013.8
2025-11-07 11:00:00,2025-11-07,11:00:00,11,Friday,11.1,48,0.0,0.0,0.0,100,9.2,192,1012.9
2025-11-07 12:00:00,2025-11-07,12:00:00,12,Friday,12.8,42,0.0,0.0,0.0,96,11.5,180,1010.9
2025-11-07 13:00:00,2025-11-07,13:00:00,13,Friday,14.5,35,0.0,0.0,0.0,100,17.1,182,1009.2
2025-11-07 14:00:00,2025-11-07,14:00:00,14,Friday,15.2,37,0.0,0.0,0.0,100,18.0,187,1007.5
2025-11-07 15:00:00,2025-11-07,15:00:00,15,Friday,15.3,40,0.0,0.0,0.0,100,17.3,182,1006.2
2025-11-07 16:00:00,2025-11-07,16:00:00,16,Friday,14.0,49,0.0,0.0,0.0,100,18.2,171,1005.4
2025-11-07 17:00:00,2025-11-07,17:00:00,17,Friday,13.2,53,0.0,0.0,0.0,100,16.8,178,1004.4
2025-11-07 18:00:00,2025-11-07,18:00:00,18,Friday,12.8,56,0.0,0.0,0.0,100,14.2,182,1004.0
2025-11-07 19:00:00,2025-11-07,19:00:00,19,Friday,12.6,58,0.0,0.0,0.0,100,14.1,185,1003.6
2025-11-07 20:00:00,2025-11-07,20:00:00,20,Friday,12.9,56,0.0,0.0,0.0,100,13.6,197,1003.3
2025-11-07 21:00:00,2025-11-07,21:00:00,21,Friday,13.2,53,0.0,0.0,0.0,100,14.2,209,1002.8
2025-11-07 22:00:00,2025-11-07,22:00:00,22,Friday,13.3,54,0.0,0.0,0.0,100,14.8,211,1002.3
2025-11-07 23:00:00,2025-11-07,23:00:00,23,Friday,13.5,58,0.0,0.0,0.0,100,15.2,210,1001.7
2025-11-08 00:00:00,2025-11-08,00:00:00,0,Saturday,13.2,68,0.1,0.1,0.0,100,13.0,211,1000.9
2025-11-08 01:00:00,2025-11-08,01:00:00,1,Saturday,12.5,82,0.4,0.4,0.0,100,13.8,227,1000.7
2025-11-08 02:00:00,2025-11-08,02:00:00,2,Saturday,12.3,90,1.2,1.2,0.0,90,13.9,232,1000.4
2025-11-08 03:00:00,2025-11-08,03:00:00,3,Saturday,12.2,93,1.0,1.0,0.0,100,11.5,238,1000.2
2025-11-08 04:00:00,2025-11-08,04:00:00,4,Saturday,12.2,94,1.1,1.1,0.0,100,10.2,239,1000.2
2025-11-08 05:00:00,2025-11-08,05:00:00,5,Saturday,12.1,95,0.4,0.4,0.0,100,9.8,252,1000.7
2025-11-08 06:00:00,2025-11-08,06:00:00,6,Saturday,11.7,95,0.4,0.4,0.0,100,8.4,261,1000.8
2025-11-08 07:00:00,2025-11-08,07:00:00,7,Saturday,12.0,94,0.2,0.2,0.0,94,9.6,265,1001.5
2025-11-08 08:00:00,2025-11-08,08:00:00,8,Saturday,12.8,91,0.0,0.0,0.0,97,9.4,262,1002.6
2025-11-08 09:00:00,2025-11-08,09:00:00,9,Saturday,13.8,87,0.0,0.0,0.0,1,6.3,265,1003.3
2025-11-08 10:00:00,2025-11-08,10:00:00,10,Saturday,15.6,72,0.0,0.0,0.0,0,8.3,288,1003.9
2025-11-08 11:00:00,2025-11-08,11:00:00,11,Saturday,16.5,64,0.0,0.0,0.0,0,7.7,291,1004.0
2025-11-08 12:00:00,2025-11-08,12:00:00,12,Saturday,17.2,56,0.0,0.0,0.0,0,8.0,295,1003.9
2025-11-08 13:00:00,2025-11-08,13:00:00,13,Saturday,18.1,49,0.0,0.0,0.0,5,9.6,287,1004.0
2025-11-08 14:00:00,2025-11-08,14:00:00,14,Saturday,18.4,45,0.0,0.0,0.0,3,8.7,302,1003.8
2025-11-08 15:00:00,2025-11-08,15:00:00,15,Saturday,18.2,45,0.0,0.0,0.0,17,8.6,300,1004.4
2025-11-08 16:00:00,2025-11-08,16:00:00,16,Saturday,17.0,54,0.0,0.0,0.0,37,4.3,318,1005.2
2025-11-08 17:00:00,2025-11-08,17:00:00,17,Saturday,15.4,63,0.0,0.0,0.0,68,1.8,323,1005.7
2025-11-08 18:00:00,2025-11-08,18:00:00,18,Saturday,14.4,66,0.0,0.0,0.0,100,2.2,336,1006.7
2025-11-08 19:00:00,2025-11-08,19:00:00,19,Saturday,13.1,70,0.0,0.0,0.0,100,3.1,28,1007.2
2025-11-08 20:00:00,2025-11-08,20:00:00,20,Saturday,12.5,72,0.0,0.0,0.0,100,4.2,70,1007.8
2025-11-08 21:00:00,2025-11-08,21:00:00,21,Saturday,12.1,72,0.0,0.0,0.0,100,5.0,90,1008.1
2025-11-08 22:00:00,2025-11-08,22:00:00,22,Saturday,11.8,72,0.0,0.0,0.0,99,5.8,99,1008.0
2025-11-08 23:00:00,2025-11-08,23:00:00,23,Saturday,11.4,71,0.0,0.0,0.0,55,5.9,113,1008.1
2025-11-09 00:00:00,2025-11-09,00:00:00,0,Sunday,11.1,71,0.0,0.0,0.0,77,6.5,118,1008.2
2025-11-09 01:00:00,2025-11-09,01:00:00,1,Sunday,10.5,74,0.0,0.0,0.0,27,2.8,63,1008.5
2025-11-09 02:00:00,2025-11-09,02:00:00,2,Sunday,9.5,80,0.0,0.0,0.0,42,2.3,39,1008.4
2025-11-09 03:00:00,2025-11-09,03:00:00,3,Sunday,9.1,85,0.0,0.0,0.0,28,1.9,17,1008.1
2025-11-09 04:00:00,2025-11-09,04:00:00,4,Sunday,8.4,89,0.0,0.0,0.0,56,1.9,41,1007.9
2025-11-09 05:00:00,2025-11-09,05:00:00,5,Sunday,9.0,90,0.0,0.0,0.0,43,2.8,140,1007.6
2025-11-09 06:00:00,2025-11-09,06:00:00,6,Sunday,9.2,88,0.0,0.0,0.0,66,3.2,177,1007.6
2025-11-09 07:00:00,2025-11-09,07:00:00,7,Sunday,9.7,84,0.0,0.0,0.0,25,2.1,308,1008.0
2025-11-09 08:00:00,2025-11-09,08:00:00,8,Sunday,10.8,84,0.0,0.0,0.0,66,4.9,352,1008.1
2025-11-09 09:00:00,2025-11-09,09:00:00,9,Sunday,13.2,78,0.0,0.0,0.0,100,3.6,20,1007.8
2025-11-09 10:00:00,2025-11-09,10:00:00,10,Sunday,14.0,80,0.0,0.0,0.0,100,3.3,49,1007.3
2025-11-09 11:00:00,2025-11-09,11:00:00,11,Sunday,15.5,78,0.0,0.0,0.0,100,13.6,136,1006.4
2025-11-09 12:00:00,2025-11-09,12:00:00,12,Sunday,15.2,82,0.0,0.0,0.0,100,12.4,138,1005.2
2025-11-09 13:00:00,2025-11-09,13:00:00,13,Sunday,15.1,87,0.0,0.0,0.0,99,12.8,140,1004.5
2025-11-09 14:00:00,2025-11-09,14:00:00,14,Sunday,16.2,83,0.0,0.0,0.0,98,16.5,139,1003.8
2025-11-09 15:00:00,2025-11-09,15:00:00,15,Sunday,15.7,88,0.0,0.0,0.0,96,13.5,133,1002.9
2025-11-09 16:00:00,2025-11-09,16:00:00,16,Sunday,15.3,91,0.1,0.1,0.0,100,12.4,131,1002.3
2025-11-09 17:00:00,2025-11-09,17:00:00,17,Sunday,14.8,94,0.0,0.0,0.0,100,9.6,131,1002.2
2025-11-09 18:00:00,2025-11-09,18:00:00,18,Sunday,14.7,95,0.1,0.1,0.0,100,5.4,138,1002.4
2025-11-09 19:00:00,2025-11-09,19:00:00,19,Sunday,14.4,97,0.0,0.0,0.0,100,3.1,103,1002.8
2025-11-09 20:00:00,2025-11-09,20:00:00,20,Sunday,14.1,98,0.0,0.0,0.0,100,3.2,87,1002.3
2025-11-09 21:00:00,2025-11-09,21:00:00,21,Sunday,13.7,99,0.0,0.0,0.0,100,2.4,153,1002.2
2025-11-09 22:00:00,2025-11-09,22:00:00,22,Sunday,13.5,100,0.0,0.0,0.0,100,2.3,219,1002.0
2025-11-09 23:00:00,2025-11-09,23:00:00,23,Sunday,13.7,100,0.1,0.1,0.0,100,4.3,246,1002.2
2025-11-10 00:00:00,2025-11-10,00:00:00,0,Monday,13.4,99,1.0,1.0,0.0,100,6.2,296,1001.6
2025-11-10 01:00:00,2025-11-10,01:00:00,1,Monday,13.3,98,1.4,1.4,0.0,100,10.0,219,1002.6
2025-11-10 02:00:00,2025-11-10,02:00:00,2,Monday,13.0,95,2.0,2.0,0.0,100,9.9,279,1001.6
2025-11-10 03:00:00,2025-11-10,03:00:00,3,Monday,12.8,91,1.8,1.8,0.0,100,9.8,302,1001.5
2025-11-10 04:00:00,2025-11-10,04:00:00,4,Monday,12.5,90,0.1,0.1,0.0,100,5.9,317,1001.2
2025-11-10 05:00:00,2025-11-10,05:00:00,5,Monday,11.8,92,0.0,0.0,0.0,100,1.7,342,1001.1
2025-11-10 06:00:00,2025-11-10,06:00:00,6,Monday,11.7,95,0.5,0.5,0.0,100,4.4,263,1000.9
2025-11-10 07:00:00,2025-11-10,07:00:00,7,Monday,11.7,97,0.3,0.3,0.0,100,3.4,183,1001.8
2025-11-10 08:00:00,2025-11-10,08:00:00,8,Monday,11.9,97,0.0,0.0,0.0,78,3.9,227,1001.6
2025-11-10 09:00:00,2025-11-10,09:00:00,9,Monday,12.8,93,0.1,0.1,0.0,100,5.1,287,1001.2
2025-11-10 10:00:00,2025-11-10,10:00:00,10,Monday,12.5,91,0.2,0.2,0.0,100,7.0,325,1000.5
2025-11-10 11:00:00,2025-11-10,11:00:00,11,Monday,12.1,85,0.5,0.5,0.0,100,12.7,309,999.8
2025-11-10 12:00:00,2025-11-10,12:00:00,12,Monday,11.1,82,3.1,3.1,0.0,92,12.2,323,998.6
2025-11-10 13:00:00,2025-11-10,13:00:00,13,Monday,10.4,85,0.3,0.3,0.0,100,11.9,300,998.4
2025-11-10 14:00:00,2025-11-10,14:00:00,14,Monday,10.4,84,0.5,0.5,0.0,68,10.7,303,998.2
2025-11-10 15:00:00,2025-11-10,15:00:00,15,Monday,10.5,74,0.0,0.0,0.0,31,13.3,306,998.0
2025-11-10 16:00:00,2025-11-10,16:00:00,16,Monday,9.0,64,0.0,0.0,0.0,26,15.7,307,999.0
2025-11-10 17:00:00,2025-11-10,17:00:00,17,Monday,6.6,67,0.0,0.0,0.0,15,17.3,303,999.9
2025-11-10 18:00:00,2025-11-10,18:00:00,18,Monday,5.1,68,0.0,0.0,0.0,4,17.2,302,1000.7
2025-11-10 19:00:00,2025-11-10,19:00:00,19,Monday,4.2,68,0.0,0.0,0.0,1,15.9,293,1001.3
2025-11-10 20:00:00,2025-11-10,20:00:00,20,Monday,3.3,69,0.0,0.0,0.0,0,14.7,289,1001.7
2025-11-10 21:00:00,2025-11-10,21:00:00,21,Monday,2.5,69,0.0,0.0,0.0,20,14.4,286,1002.2
2025-11-10 22:00:00,2025-11-10,22:00:00,22,Monday,2.1,67,0.0,0.0,0.0,98,16.3,287,1002.7
2025-11-10 23:00:00,2025-11-10,23:00:00,23,Monday,1.6,62,0.0,0.0,0.0,66,16.7,288,1002.5
2025-11-11 00:00:00,2025-11-11,00:00:00,0,Tuesday,1.1,61,0.0,0.0,0.0,5,15.4,287,1002.7
2025-11-11 01:00:00,2025-11-11,01:00:00,1,Tuesday,0.9,61,0.0,0.0,0.0,17,15.1,278,1002.7
2025-11-11 02:00:00,2025-11-11,02:00:00,2,Tuesday,0.6,62,0.0,0.0,0.0,17,12.7,277,1002.8
2025-11-11 03:00:00,2025-11-11,03:00:00,3,Tuesday,0.7,63,0.0,0.0,0.0,92,11.3,271,1002.7
2025-11-11 04:00:00,2025-11-11,04:00:00,4,Tuesday,0.7,62,0.0,0.0,0.0,84,10.6,269,1002.2
2025-11-11 05:00:00,2025-11-11,05:00:00,5,Tuesday,0.8,59,0.0,0.0,0.0,100,10.3,265,1001.9
2025-11-11 06:00:00,2025-11-11,06:00:00,6,Tuesday,1.0,58,0.0,0.0,0.0,100,13.8,264,1002.0
2025-11-11 07:00:00,2025-11-11,07:00:00,7,Tuesday,1.0,60,0.0,0.0,0.0,23,15.2,260,1002.2
2025-11-11 08:00:00,2025-11-11,08:00:00,8,Tuesday,1.3,62,0.0,0.0,0.0,18,16.2,256,1002.7
2025-11-11 09:00:00,2025-11-11,09:00:00,9,Tuesday,2.0,52,0.0,0.0,0.0,84,24.2,283,1003.2
2025-11-11 10:00:00,2025-11-11,10:00:00,10,Tuesday,2.4,51,0.1,0.0,0.07,76,24.3,278,1003.3
2025-11-11 11:00:00,2025-11-11,11:00:00,11,Tuesday,2.3,55,0.1,0.0,0.07,97,23.0,269,1003.0
2025-11-11 12:00:00,2025-11-11,12:00:00,12,Tuesday,2.4,61,0.1,0.0,0.07,46,23.6,255,1002.3
2025-11-11 13:00:00,2025-11-11,13:00:00,13,Tuesday,3.5,48,0.0,0.0,0.0,100,28.2,282,1002.3
2025-11-11 14:00:00,2025-11-11,14:00:00,14,Tuesday,3.0,56,0.2,0.0,0.14,98,23.9,282,1002.6
2025-11-11 15:00:00,2025-11-11,15:00:00,15,Tuesday,4.0,50,0.0,0.0,0.0,97,24.9,286,1002.8
2025-11-11 16:00:00,2025-11-11,16:00:00,16,Tuesday,4.2,51,0.0,0.0,0.0,45,19.9,275,1003.5
2025-11-11 17:00:00,2025-11-11,17:00:00,17,Tuesday,3.7,55,0.0,0.0,0.0,60,17.4,263,1004.9
2025-11-11 18:00:00,2025-11-11,18:00:00,18,Tuesday,3.4,61,0.0,0.0,0.0,76,17.8,258,1006.5
2025-11-11 19:00:00,2025-11-11,19:00:00,19,Tuesday,3.5,60,0.0,0.0,0.0,100,19.0,263,1007.0
2025-11-11 20:00:00,2025-11-11,20:00:00,20,Tuesday,3.8,62,0.0,0.0,0.0,82,19.3,267,1007.4
2025-11-11 21:00:00,2025-11-11,21:00:00,21,Tuesday,3.6,62,0.0,0.0,0.0,45,16.2,260,1008.1
2025-11-11 22:00:00,2025-11-11,22:00:00,22,Tuesday,3.2,62,0.0,0.0,0.0,55,14.7,251,1008.4
2025-11-11 23:00:00,2025-11-11,23:00:00,23,Tuesday,2.7,64,0.0,0.0,0.0,48,15.6,251,1008.9
2025-11-12 00:00:00,2025-11-12,00:00:00,0,Wednesday,2.4,65,0.0,0.0,0.0,74,14.7,242,1009.3
2025-11-12 01:00:00,2025-11-12,01:00:00,1,Wednesday,2.4,64,0.0,0.0,0.0,95,14.8,240,1009.0
2025-11-12 02:00:00,2025-11-12,02:00:00,2,Wednesday,2.3,62,0.0,0.0,0.0,100,14.5,242,1009.0
2025-11-12 03:00:00,2025-11-12,03:00:00,3,Wednesday,2.4,60,0.0,0.0,0.0,100,13.5,240,1008.6
2025-11-12 04:00:00,2025-11-12,04:00:00,4,Wednesday,2.4,61,0.0,0.0,0.0,100,12.5,238,1008.3
2025-11-12 05:00:00,2025-11-12,05:00:00,5,Wednesday,2.4,62,0.0,0.0,0.0,100,12.7,239,1007.8
2025-11-12 06:00:00,2025-11-12,06:00:00,6,Wednesday,2.3,64,0.0,0.0,0.0,40,9.8,224,1007.2
2025-11-12 07:00:00,2025-11-12,07:00:00,7,Wednesday,2.1,67,0.0,0.0,0.0,93,5.8,185,1007.0
2025-11-12 08:00:00,2025-11-12,08:00:00,8,Wednesday,3.2,67,0.0,0.0,0.0,98,8.6,181,1006.8
2025-11-12 09:00:00,2025-11-12,09:00:00,9,Wednesday,4.1,63,0.0,0.0,0.0,99,8.0,203,1006.2
2025-11-12 10:00:00,2025-11-12,10:00:00,10,Wednesday,5.0,60,0.0,0.0,0.0,100,8.3,214,1005.6
2025-11-12 11:00:00,2025-11-12,11:00:00,11,Wednesday,6.2,58,0.0,0.0,0.0,100,7.3,211,1004.9
2025-11-12 12:00:00,2025-11-12,12:00:00,12,Wednesday,7.2,58,0.0,0.0,0.0,97,7.3,190,1003.5
2025-11-12 13:00:00,2025-11-12,13:00:00,13,Wednesday,9.0,43,0.0,0.0,0.0,50,14.4,257,1002.8
2025-11-12 14:00:00,2025-11-12,14:00:00,14,Wednesday,9.1,45,0.0,0.0,0.0,100,14.8,260,1002.6
2025-11-12 15:00:00,2025-11-12,15:00:00,15,Wednesday,8.2,52,0.0,0.0,0.0,98,7.1,251,1002.7
2025-11-12 16:00:00,2025-11-12,16:00:00,16,Wednesday,8.4,54,0.0,0.0,0.0,100,10.7,241,1003.0
2025-11-12 17:00:00,2025-11-12,17:00:00,17,Wednesday,8.1,56,0.0,0.0,0.0,99,9.5,245,1002.9
2025-11-12 18:00:00,2025-11-12,18:00:00,18,Wednesday,7.6,60,0.0,0.0,0.0,20,8.8,235,1003.0
2025-11-12 19:00:00,2025-11-12,19:00:00,19,Wednesday,7.5,60,0.0,0.0,0.0,99,13.0,246,1004.0
2025-11-12 20:00:00,2025-11-12,20:00:00,20,Wednesday,8.3,64,0.0,0.0,0.0,100,12.6,265,1004.5
2025-11-12 21:00:00,2025-11-12,21:00:00,21,Wednesday,8.3,67,0.0,0.0,0.0,73,12.4,261,1004.8
2025-11-12 22:00:00,2025-11-12,22:00:00,22,Wednesday,7.9,68,0.0,0.0,0.0,3,13.7,261,1005.0
2025-11-12 23:00:00,2025-11-12,23:00:00,23,Wednesday,7.2,72,0.0,0.0,0.0,7,12.4,254,1005.2
2025-11-13 00:00:00,2025-11-13,00:00:00,0,Thursday,6.4,75,0.0,0.0,0.0,14,11.8,246,1005.6
2025-11-13 01:00:00,2025-11-13,01:00:00,1,Thursday,6.3,73,0.0,0.0,0.0,2,12.4,251,1005.9
2025-11-13 02:00:00,2025-11-13,02:00:00,2,Thursday,6.2,73,0.0,0.0,0.0,36,12.0,253,1006.3
2025-11-13 03:00:00,2025-11-13,03:00:00,3,Thursday,6.4,73,0.0,0.0,0.0,1,14.1,267,1006.5
2025-11-13 04:00:00,2025-11-13,04:00:00,4,Thursday,6.5,74,0.0,0.0,0.0,0,13.0,271,1006.8
2025-11-13 05:00:00,2025-11-13,05:00:00,5,Thursday,6.2,77,0.0,0.0,0.0,1,12.1,267,1007.1
2025-11-13 06:00:00,2025-11-13,06:00:00,6,Thursday,5.6,80,0.0,0.0,0.0,86,11.1,262,1007.1
2025-11-13 07:00:00,2025-11-13,07:00:00,7,Thursday,6.7,69,0.0,0.0,0.0,19,12.6,256,1007.6
2025-11-13 08:00:00,2025-11-13,08:00:00,8,Thursday,7.5,67,0.0,0.0,0.0,18,14.3,263,1008.2
2025-11-13 09:00:00,2025-11-13,09:00:00,9,Thursday,8.8,64,0.0,0.0,0.0,68,13.7,257,1008.0
2025-11-13 10:00:00,2025-11-13,10:00:00,10,Thursday,7.4,69,0.1,0.1,0.0,97,17.2,265,1008.2
2025-11-13 11:00:00,2025-11-13,11:00:00,11,Thursday,7.1,71,1.2,1.2,0.0,82,14.8,306,1008.0
2025-11-13 12:00:00,2025-11-13,12:00:00,12,Thursday,8.1,71,0.5,0.5,0.0,7,11.7,272,1007.0
2025-11-13 13:00:00,2025-11-13,13:00:00,13,Thursday,9.9,48,0.0,0.0,0.0,77,19.8,301,1007.4
2025-11-13 14:00:00,2025-11-13,14:00:00,14,Thursday,10.3,43,0.0,0.0,0.0,24,21.1,299,1007.5
2025-11-13 15:00:00,2025-11-13,15:00:00,15,Thursday,9.6,49,0.0,0.0,0.0,20,19.3,294,1008.4
2025-11-13 16:00:00,2025-11-13,16:00:00,16,Thursday,8.8,49,0.0,0.0,0.0,9,17.8,296,1009.3
2025-11-13 17:00:00,2025-11-13,17:00:00,17,Thursday,7.5,55,0.0,0.0,0.0,1,13.8,299,1010.4
2025-11-13 18:00:00,2025-11-13,18:00:00,18,Thursday,6.8,58,0.0,0.0,0.0,2,11.1,293,1010.8
2025-11-13 19:00:00,2025-11-13,19:00:00,19,Thursday,6.5,60,0.0,0.0,0.0,0,7.5,281,1011.5
2025-11-13 20:00:00,2025-11-13,20:00:00,20,Thursday,6.3,58,0.0,0.0,0.0,0,10.5,278,1011.8
2025-11-13 21:00:00,2025-11-13,21:00:00,21,Thursday,5.8,59,0.0,0.0,0.0,10,9.1,279,1012.0
2025-11-13 22:00:00,2025-11-13,22:00:00,22,Thursday,4.9,66,0.0,0.0,0.0,24,6.8,281,1012.5
2025-11-13 23:00:00,2025-11-13,23:00:00,23,Thursday,4.0,74,0.0,0.0,0.0,38,4.9,298,1012.5
2025-11-14 00:00:00,2025-11-14,00:00:00,0,Friday,4.1,71,0.0,0.0,0.0,6,7.5,280,1012.5
2025-11-14 01:00:00,2025-11-14,01:00:00,1,Friday,4.4,70,0.0,0.0,0.0,3,10.8,291,1012.7
2025-11-14 02:00:00,2025-11-14,02:00:00,2,Friday,4.4,71,0.0,0.0,0.0,2,12.5,295,1013.0
2025-11-14 03:00:00,2025-11-14,03:00:00,3,Friday,4.1,73,0.0,0.0,0.0,0,11.5,295,1013.3
2025-11-14 04:00:00,2025-11-14,04:00:00,4,Friday,3.6,75,0.0,0.0,0.0,0,10.4,288,1013.7
2025-11-14 05:00:00,2025-11-14,05:00:00,5,Friday,3.2,78,0.0,0.0,0.0,0,10.2,284,1014.2
2025-11-14 06:00:00,2025-11-14,06:00:00,6,Friday,2.9,80,0.0,0.0,0.0,0,10.8,285,1014.5
2025-11-14 07:00:00,2025-11-14,07:00:00,7,Friday,2.8,77,0.0,0.0,0.0,0,8.7,278,1015.4
2025-11-14 08:00:00,2025-11-14,08:00:00,8,Friday,3.9,77,0.0,0.0,0.0,0,9.6,254,1015.8
2025-11-14 09:00:00,2025-11-14,09:00:00,9,Friday,5.7,69,0.0,0.0,0.0,2,7.7,259,1015.6
2025-11-14 10:00:00,2025-11-14,10:00:00,10,Friday,7.5,62,0.0,0.0,0.0,24,10.4,261,1015.1
2025-11-14 11:00:00,2025-11-14,11:00:00,11,Friday,9.0,53,0.0,0.0,0.0,78,16.0,297,1014.5
2025-11-14 12:00:00,2025-11-14,12:00:00,12,Friday,9.3,50,0.0,0.0,0.0,98,15.5,298,1013.4
2025-11-14 13:00:00,2025-11-14,13:00:00,13,Friday,9.4,47,0.0,0.0,0.0,100,13.4,312,1012.5
2025-11-14 14:00:00,2025-11-14,14:00:00,14,Friday,10.0,44,0.0,0.0,0.0,100,16.5,302,1012.1
2025-11-14 15:00:00,2025-11-14,15:00:00,15,Friday,9.5,49,0.0,0.0,0.0,100,9.7,294,1011.5
2025-11-14 16:00:00,2025-11-14,16:00:00,16,Friday,9.1,52,0.0,0.0,0.0,100,7.2,292,1011.3
2025-11-14 17:00:00,2025-11-14,17:00:00,17,Friday,7.8,61,0.0,0.0,0.0,100,5.3,282,1011.0
2025-11-14 18:00:00,2025-11-14,18:00:00,18,Friday,7.5,62,0.0,0.0,0.0,100,6.2,263,1010.7
2025-11-14 19:00:00,2025-11-14,19:00:00,19,Friday,6.8,63,0.0,0.0,0.0,36,5.2,226,1010.1
2025-11-14 20:00:00,2025-11-14,20:00:00,20,Friday,6.8,60,0.0,0.0,0.0,5,8.1,264,1009.8
2025-11-14 21:00:00,2025-11-14,21:00:00,21,Friday,6.4,60,0.0,0.0,0.0,5,9.2,270,1009.6
2025-11-14 22:00:00,2025-11-14,22:00:00,22,Friday,6.0,61,0.0,0.0,0.0,1,10.5,273,1009.6
2025-11-14 23:00:00,2025-11-14,23:00:00,23,Friday,5.4,65,0.0,0.0,0.0,0,10.1,294,1009.6
2025-11-15 00:00:00,2025-11-15,00:00:00,0,Saturday,4.3,72,0.0,0.0,0.0,20,7.3,316,1009.9
2025-11-15 01:00:00,2025-11-15,01:00:00,1,Saturday,4.3,66,0.0,0.0,0.0,13,7.4,293,1009.5
2025-11-15 02:00:00,2025-11-15,02:00:00,2,Saturday,4.0,68,0.0,0.0,0.0,0,8.0,306,1009.4
2025-11-15 03:00:00,2025-11-15,03:00:00,3,Saturday,3.7,72,0.0,0.0,0.0,0,8.2,319,1009.1
2025-11-15 04:00:00,2025-11-15,04:00:00,4,Saturday,3.2,77,0.0,0.0,0.0,13,7.6,326,1008.9
2025-11-15 05:00:00,2025-11-15,05:00:00,5,Saturday,2.6,81,0.0,0.0,0.0,9,6.4,338,1008.9
2025-11-15 06:00:00,2025-11-15,06:00:00,6,Saturday,1.6,84,0.0,0.0,0.0,3,4.9,336,1008.5
2025-11-15 07:00:00,2025-11-15,07:00:00,7,Saturday,1.2,88,0.0,0.0,0.0,100,2.2,312,1008.7
2025-11-15 08:00:00,2025-11-15,08:00:00,8,Saturday,2.4,84,0.0,0.0,0.0,100,2.6,254,1008.5
2025-11-15 09:00:00,2025-11-15,09:00:00,9,Saturday,3.6,77,0.0,0.0,0.0,90,2.2,284,1008.0
2025-11-15 10:00:00,2025-11-15,10:00:00,10,Saturday,5.3,63,0.0,0.0,0.0,55,3.5,305,1007.6
2025-11-15 11:00:00,2025-11-15,11:00:00,11,Saturday,6.7,54,0.0,0.0,0.0,59,2.9,313,1006.6
2025-11-15 12:00:00,2025-11-15,12:00:00,12,Saturday,7.7,52,0.0,0.0,0.0,95,2.5,278,1005.0
2025-11-15 13:00:00,2025-11-15,13:00:00,13,Saturday,8.3,50,0.0,0.0,0.0,98,3.9,233,1003.9
2025-11-15 14:00:00,2025-11-15,14:00:00,14,Saturday,8.7,51,0.0,0.0,0.0,99,4.5,194,1002.4
2025-11-15 15:00:00,2025-11-15,15:00:00,15,Saturday,8.6,53,0.0,0.0,0.0,100,5.8,176,1001.0
2025-11-15 16:00:00,2025-11-15,16:00:00,16,Saturday,7.9,58,0.0,0.0,0.0,100,5.8,171,999.9
2025-11-15 17:00:00,2025-11-15,17:00:00,17,Saturday,6.8,65,0.0,0.0,0.0,100,9.4,151,998.6
2025-11-15 18:00:00,2025-11-15,18:00:00,18,Saturday,7.2,72,0.0,0.0,0.0,100,11.1,164,997.4
2025-11-15 19:00:00,2025-11-15,19:00:00,19,Saturday,8.3,70,0.0,0.0,0.0,100,13.0,186,996.6
2025-11-15 20:00:00,2025-11-15,20:00:00,20,Saturday,7.7,77,0.6,0.6,0.0,100,11.6,184,994.8
2025-11-15 21:00:00,2025-11-15,21:00:00,21,Saturday,7.8,80,0.2,0.2,0.0,100,9.7,198,993.3
2025-11-15 22:00:00,2025-11-15,22:00:00,22,Saturday,8.1,83,0.0,0.0,0.0,100,12.8,194,990.9
2025-11-15 23:00:00,2025-11-15,23:00:00,23,Saturday,8.8,84,0.0,0.0,0.0,100,14.1,215,989.1
2025-11-16 00:00:00,2025-11-16,00:00:00,0,Sunday,9.3,85,0.0,0.0,0.0,100,12.3,212,987.4
2025-11-16 01:00:00,2025-11-16,01:00:00,1,Sunday,8.9,84,0.1,0.1,0.0,56,13.2,235,986.0
2025-11-16 02:00:00,2025-11-16,02:00:00,2,Sunday,9.8,87,0.0,0.0,0.0,9,18.6,244,985.2
2025-11-16 03:00:00,2025-11-16,03:00:00,3,Sunday,10.3,85,0.0,0.0,0.0,69,16.8,249,984.7
2025-11-16 04:00:00,2025-11-16,04:00:00,4,Sunday,10.4,86,0.0,0.0,0.0,90,14.9,259,984.3
2025-11-16 05:00:00,2025-11-16,05:00:00,5,Sunday,10.9,86,0.0,0.0,0.0,89,14.7,264,985.1
2025-11-16 06:00:00,2025-11-16,06:00:00,6,Sunday,11.1,85,0.0,0.0,0.0,48,14.8,286,985.9
2025-11-16 07:00:00,2025-11-16,07:00:00,7,Sunday,11.8,79,0.0,0.0,0.0,96,16.6,291,986.2
2025-11-16 08:00:00,2025-11-16,08:00:00,8,Sunday,12.0,67,0.0,0.0,0.0,1,17.8,290,987.2
2025-11-16 09:00:00,2025-11-16,09:00:00,9,Sunday,12.6,58,0.0,0.0,0.0,0,18.2,281,987.4
2025-11-16 10:00:00,2025-11-16,10:00:00,10,Sunday,12.9,43,0.0,0.0,0.0,0,22.4,290,987.6
2025-11-16 11:00:00,2025-11-16,11:00:00,11,Sunday,12.2,43,0.0,0.0,0.0,3,24.9,297,988.2
2025-11-16 12:00:00,2025-11-16,12:00:00,12,Sunday,11.8,42,0.0,0.0,0.0,9,25.0,295,988.1
2025-11-16 13:00:00,2025-11-16,13:00:00,13,Sunday,11.5,37,0.0,0.0,0.0,3,25.4,300,988.5
2025-11-16 14:00:00,2025-11-16,14:00:00,14,Sunday,10.5,34,0.1,0.1,0.0,17,25.8,295,989.3
2025-11-16 15:00:00,2025-11-16,15:00:00,15,Sunday,10.1,34,0.0,0.0,0.0,35,22.1,295,990.0
2025-11-16 16:00:00,2025-11-16,16:00:00,16,Sunday,8.7,40,0.0,0.0,0.0,7,20.9,298,991.2
2025-11-16 17:00:00,2025-11-16,17:00:00,17,Sunday,7.2,44,0.0,0.0,0.0,0,19.5,296,992.8
2025-11-16 18:00:00,2025-11-16,18:00:00,18,Sunday,6.3,43,0.0,0.0,0.0,37,21.4,296,994.1
2025-11-16 19:00:00,2025-11-16,19:00:00,19,Sunday,5.4,51,0.0,0.0,0.0,3,16.0,287,995.6
2025-11-16 20:00:00,2025-11-16,20:00:00,20,Sunday,4.7,50,0.0,0.0,0.0,0,17.4,284,995.9
2025-11-16 21:00:00,2025-11-16,21:00:00,21,Sunday,4.7,51,0.0,0.0,0.0,5,16.6,279,996.3
2025-11-16 22:00:00,2025-11-16,22:00:00,22,Sunday,4.5,51,0.0,0.0,0.0,2,18.1,283,996.6
2025-11-16 23:00:00,2025-11-16,23:00:00,23,Sunday,3.8,56,0.0,0.0,0.0,100,13.2,284,997.1
2025-11-17 00:00:00,2025-11-17,00:00:00,0,Monday,3.5,60,0.0,0.0,0.0,5,12.1,280,997.5
2025-11-17 01:00:00,2025-11-17,01:00:00,1,Monday,3.5,55,0.0,0.0,0.0,13,16.2,287,997.5
2025-11-17 02:00:00,2025-11-17,02:00:00,2,Monday,2.7,55,0.0,0.0,0.0,18,16.1,283,997.8
2025-11-17 03:00:00,2025-11-17,03:00:00,3,Monday,2.2,56,0.0,0.0,0.0,6,15.0,280,998.3
2025-11-17 04:00:00,2025-11-17,04:00:00,4,Monday,1.8,57,0.0,0.0,0.0,0,14.9,277,998.9
2025-11-17 05:00:00,2025-11-17,05:00:00,5,Monday,1.5,57,0.0,0.0,0.0,0,14.2,271,999.9
2025-11-17 06:00:00,2025-11-17,06:00:00,6,Monday,1.3,57,0.0,0.0,0.0,0,14.2,269,1000.6
2025-11-17 07:00:00,2025-11-17,07:00:00,7,Monday,1.8,54,0.0,0.0,0.0,16,16.0,279,1001.4
2025-11-17 08:00:00,2025-11-17,08:00:00,8,Monday,2.9,51,0.0,0.0,0.0,4,17.1,278,1002.4
2025-11-17 09:00:00,2025-11-17,09:00:00,9,Monday,4.0,47,0.0,0.0,0.0,59,20.6,282,1002.9
2025-11-17 10:00:00,2025-11-17,10:00:00,10,Monday,4.8,45,0.0,0.0,0.0,56,24.6,302,1003.6
2025-11-17 11:00:00,2025-11-17,11:00:00,11,Monday,5.4,42,0.0,0.0,0.0,14,25.1,304,1003.8
2025-11-17 12:00:00,2025-11-17,12:00:00,12,Monday,6.0,42,0.0,0.0,0.0,74,24.2,302,1003.8
2025-11-17 13:00:00,2025-11-17,13:00:00,13,Monday,6.0,41,0.0,0.0,0.0,100,25.5,299,1004.6
2025-11-17 14:00:00,2025-11-17,14:00:00,14,Monday,5.8,42,0.0,0.0,0.0,99,24.0,300,1005.1
2025-11-17 15:00:00,2025-11-17,15:00:00,15,Monday,5.9,40,0.0,0.0,0.0,73,25.1,299,1005.8
2025-11-17 16:00:00,2025-11-17,16:00:00,16,Monday,5.6,43,0.0,0.0,0.0,0,16.8,299,1006.3
2025-11-17 17:00:00,2025-11-17,17:00:00,17,Monday,4.7,47,0.0,0.0,0.0,0,15.1,298,1007.4
2025-11-17 18:00:00,2025-11-17,18:00:00,18,Monday,4.3,48,0.0,0.0,0.0,1,13.5,293,1008.5
2025-11-17 19:00:00,2025-11-17,19:00:00,19,Monday,3.8,48,0.0,0.0,0.0,1,12.8,292,1009.4
2025-11-17 20:00:00,2025-11-17,20:00:00,20,Monday,3.7,49,0.0,0.0,0.0,2,14.0,290,1010.2
2025-11-17 21:00:00,2025-11-17,21:00:00,21,Monday,3.5,50,0.0,0.0,0.0,2,15.3,288,1011.0
2025-11-17 22:00:00,2025-11-17,22:00:00,22,Monday,3.2,51,0.0,0.0,0.0,3,16.4,287,1011.4
2025-11-17 23:00:00,2025-11-17,23:00:00,23,Monday,3.0,52,0.0,0.0,0.0,2,16.1,288,1012.1
2025-11-18 00:00:00,2025-11-18,00:00:00,0,Tuesday,2.7,54,0.0,0.0,0.0,0,15.1,292,1012.5
2025-11-18 01:00:00,2025-11-18,01:00:00,1,Tuesday,2.9,52,0.0,0.0,0.0,1,13.8,287,1012.7
2025-11-18 02:00:00,2025-11-18,02:00:00,2,Tuesday,2.6,54,0.0,0.0,0.0,0,12.3,288,1013.3
2025-11-18 03:00:00,2025-11-18,03:00:00,3,Tuesday,2.1,57,0.0,0.0,0.0,0,11.1,283,1013.8
2025-11-18 04:00:00,2025-11-18,04:00:00,4,Tuesday,1.7,60,0.0,0.0,0.0,0,11.2,276,1014.4
2025-11-18 05:00:00,2025-11-18,05:00:00,5,Tuesday,1.3,62,0.0,0.0,0.0,1,10.7,277,1015.1
2025-11-18 06:00:00,2025-11-18,06:00:00,6,Tuesday,0.9,64,0.0,0.0,0.0,0,10.2,278,1015.7
2025-11-18 07:00:00,2025-11-18,07:00:00,7,Tuesday,0.8,62,0.0,0.0,0.0,0,9.4,277,1016.6
2025-11-18 08:00:00,2025-11-18,08:00:00,8,Tuesday,1.8,63,0.0,0.0,0.0,0,10.0,257,1017.4
2025-11-18 09:00:00,2025-11-18,09:00:00,9,Tuesday,3.6,55,0.0,0.0,0.0,0,9.7,270,1017.8
2025-11-18 10:00:00,2025-11-18,10:00:00,10,Tuesday,5.3,48,0.0,0.0,0.0,2,13.1,288,1017.9
2025-11-18 11:00:00,2025-11-18,11:00:00,11,Tuesday,6.2,45,0.0,0.0,0.0,30,13.3,298,1017.5
2025-11-18 12:00:00,2025-11-18,12:00:00,12,Tuesday,7.1,42,0.0,0.0,0.0,97,13.2,300,1016.9
2025-11-18 13:00:00,2025-11-18,13:00:00,13,Tuesday,7.4,40,0.0,0.0,0.0,59,13.3,298,1016.5
2025-11-18 14:00:00,2025-11-18,14:00:00,14,Tuesday,7.8,39,0.0,0.0,0.0,100,12.2,298,1016.1
2025-11-18 15:00:00,2025-11-18,15:00:00,15,Tuesday,7.5,40,0.0,0.0,0.0,100,10.8,288,1016.4
2025-11-18 16:00:00,2025-11-18,16:00:00,16,Tuesday,7.0,46,0.0,0.0,0.0,100,5.9,284,1016.4
2025-11-18 17:00:00,2025-11-18,17:00:00,17,Tuesday,6.6,61,0.0,0.0,0.0,100,2.5,270,1016.5
2025-11-18 18:00:00,2025-11-18,18:00:00,18,Tuesday,6.5,54,0.0,0.0,0.0,100,3.0,197,1016.8
2025-11-18 19:00:00,2025-11-18,19:00:00,19,Tuesday,6.1,56,0.0,0.0,0.0,100,5.1,219,1017.1
2025-11-18 20:00:00,2025-11-18,20:00:00,20,Tuesday,5.7,61,0.0,0.0,0.0,100,4.8,255,1017.3
2025-11-18 21:00:00,2025-11-18,21:00:00,21,Tuesday,4.9,65,0.0,0.0,0.0,100,5.2,245,1017.8
2025-11-18 22:00:00,2025-11-18,22:00:00,22,Tuesday,4.1,73,0.0,0.0,0.0,100,4.2,239,1017.8
2025-11-18 23:00:00,2025-11-18,23:00:00,23,Tuesday,4.3,73,0.0,0.0,0.0,100,3.2,227,1017.6
2025-11-19 00:00:00,2025-11-19,00:00:00,0,Wednesday,4.6,76,0.0,0.0,0.0,100,2.3,238,1017.8
2025-11-19 01:00:00,2025-11-19,01:00:00,1,Wednesday,4.6,76,0.0,0.0,0.0,100,1.1,162,1017.3
2025-11-19 02:00:00,2025-11-19,02:00:00,2,Wednesday,4.5,72,0.0,0.0,0.0,100,0.7,76,1017.4
2025-11-19 03:00:00,2025-11-19,03:00:00,3,Wednesday,4.2,77,0.1,0.1,0.0,100,0.3,45,1017.6
2025-11-19 04:00:00,2025-11-19,04:00:00,4,Wednesday,3.9,86,0.2,0.2,0.0,100,1.2,51,1017.1
2025-11-19 05:00:00,2025-11-19,05:00:00,5,Wednesday,3.8,78,0.4,0.4,0.0,100,2.6,155,1017.5
2025-11-19 06:00:00,2025-11-19,06:00:00,6,Wednesday,1.9,95,1.0,0.8,0.14,100,0.5,225,1017.8
2025-11-19 07:00:00,2025-11-19,07:00:00,7,Wednesday,2.5,90,1.8,1.2,0.42,100,3.1,100,1017.9
2025-11-19 08:00:00,2025-11-19,08:00:00,8,Wednesday,2.8,92,0.5,0.5,0.0,100,3.9,16,1018.2
2025-11-19 09:00:00,2025-11-19,09:00:00,9,Wednesday,3.2,92,0.5,0.5,0.0,100,7.4,4,1018.4
2025-11-19 10:00:00,2025-11-19,10:00:00,10,Wednesday,4.4,87,0.1,0.1,0.0,100,8.7,5,1018.4
2025-11-19 11:00:00,2025-11-19,11:00:00,11,Wednesday,5.3,81,0.0,0.0,0.0,100,7.8,19,1018.5
2025-11-19 12:00:00,2025-11-19,12:00:00,12,Wednesday,6.1,75,0.0,0.0,0.0,84,7.5,33,1017.8
2025-11-19 13:00:00,2025-11-19,13:00:00,13,Wednesday,7.5,66,0.0,0.0,0.0,82,6.0,37,1017.3
2025-11-19 14:00:00,2025-11-19,14:00:00,14,Wednesday,8.1,62,0.0,0.0,0.0,100,5.0,21,1017.3
2025-11-19 15:00:00,2025-11-19,15:00:00,15,Wednesday,8.1,62,0.0,0.0,0.0,100,5.5,9,1017.7
2025-11-19 16:00:00,2025-11-19,16:00:00,16,Wednesday,7.7,65,0.0,0.0,0.0,77,4.3,5,1018.1
2025-11-19 17:00:00,2025-11-19,17:00:00,17,Wednesday,6.7,72,0.0,0.0,0.0,10,1.4,40,1018.6
2025-11-19 18:00:00,2025-11-19,18:00:00,18,Wednesday,5.5,75,0.0,0.0,0.0,0,4.1,13,1019.2
2025-11-19 19:00:00,2025-11-19,19:00:00,19,Wednesday,3.9,82,0.0,0.0,0.0,0,4.2,329,1019.7
2025-11-19 20:00:00,2025-11-19,20:00:00,20,Wednesday,3.1,79,0.0,0.0,0.0,0,4.9,28,1019.7
2025-11-19 21:00:00,2025-11-19,21:00:00,21,Wednesday,2.8,77,0.0,0.0,0.0,40,5.0,15,1020.2
2025-11-19 22:00:00,2025-11-19,22:00:00,22,Wednesday,2.4,76,0.0,0.0,0.0,100,5.9,11,1020.6
2025-11-19 23:00:00,2025-11-19,23:00:00,23,Wednesday,2.0,77,0.0,0.0,0.0,100,5.8,16,1020.7
2025-11-20 00:00:00,2025-11-20,00:00:00,0,Thursday,1.4,79,0.0,0.0,0.0,100,5.4,8,1020.6
2025-11-20 01:00:00,2025-11-20,01:00:00,1,Thursday,1.3,77,0.0,0.0,0.0,100,6.2,15,1020.0
2025-11-20 02:00:00,2025-11-20,02:00:00,2,Thursday,0.9,77,0.0,0.0,0.0,100,5.6,6,1020.2
2025-11-20 03:00:00,2025-11-20,03:00:00,3,Thursday,0.6,78,0.0,0.0,0.0,100,5.6,6,1020.1
2025-11-20 04:00:00,2025-11-20,04:00:00,4,Thursday,0.5,77,0.0,0.0,0.0,100,6.3,2,1020.0
2025-11-20 05:00:00,2025-11-20,05:00:00,5,Thursday,0.4,77,0.0,0.0,0.0,100,5.8,355,1020.4
2025-11-20 06:00:00,2025-11-20,06:00:00,6,Thursday,0.1,78,0.0,0.0,0.0,97,5.2,358,1020.5
2025-11-20 07:00:00,2025-11-20,07:00:00,7,Thursday,-0.1,81,0.0,0.0,0.0,100,5.2,4,1020.8
2025-11-20 08:00:00,2025-11-20,08:00:00,8,Thursday,0.7,82,0.0,0.0,0.0,100,6.6,351,1021.0
2025-11-20 09:00:00,2025-11-20,09:00:00,9,Thursday,1.9,76,0.0,0.0,0.0,100,4.6,342,1021.6
2025-11-20 10:00:00,2025-11-20,10:00:00,10,Thursday,3.1,69,0.0,0.0,0.0,100,3.6,360,1021.6
2025-11-20 11:00:00,2025-11-20,11:00:00,11,Thursday,4.6,62,0.0,0.0,0.0,66,3.4,18,1020.9
2025-11-20 12:00:00,2025-11-20,12:00:00,12,Thursday,6.3,54,0.0,0.0,0.0,25,2.4,27,1019.5
2025-11-20 13:00:00,2025-11-20,13:00:00,13,Thursday,7.2,50,0.0,0.0,0.0,45,1.3,344,1018.7
2025-11-20 14:00:00,2025-11-20,14:00:00,14,Thursday,7.7,50,0.0,0.0,0.0,30,1.7,283,1018.4
2025-11-20 15:00:00,2025-11-20,15:00:00,15,Thursday,7.6,52,0.0,0.0,0.0,63,1.7,252,1018.2
2025-11-20 16:00:00,2025-11-20,16:00:00,16,Thursday,6.6,66,0.0,0.0,0.0,2,2.3,209,1018.3
2025-11-20 17:00:00,2025-11-20,17:00:00,17,Thursday,4.9,71,0.0,0.0,0.0,5,4.3,185,1018.1
2025-11-20 18:00:00,2025-11-20,18:00:00,18,Thursday,4.0,75,0.0,0.0,0.0,79,4.5,187,1018.4
2025-11-20 19:00:00,2025-11-20,19:00:00,19,Thursday,3.5,77,0.0,0.0,0.0,0,3.6,177,1018.3
2025-11-20 20:00:00,2025-11-20,20:00:00,20,Thursday,2.9,77,0.0,0.0,0.0,0,2.0,190,1018.2
2025-11-20 21:00:00,2025-11-20,21:00:00,21,Thursday,2.7,78,0.0,0.0,0.0,5,1.4,220,1018.2
2025-11-20 22:00:00,2025-11-20,22:00:00,22,Thursday,2.7,81,0.0,0.0,0.0,97,1.5,291,1018.1
2025-11-20 23:00:00,2025-11-20,23:00:00,23,Thursday,3.2,84,0.0,0.0,0.0,100,2.7,323,1018.0
2025-11-21 00:00:00,2025-11-21,00:00:00,0,Friday,3.4,86,0.0,0.0,0.0,100,1.8,360,1017.6
2025-11-21 01:00:00,2025-11-21,01:00:00,1,Friday,2.5,90,0.0,0.0,0.0,100,2.2,42,1016.7
2025-11-21 02:00:00,2025-11-21,02:00:00,2,Friday,2.3,95,0.0,0.0,0.0,100,0.7,360,1016.5
2025-11-21 03:00:00,2025-11-21,03:00:00,3,Friday,2.6,94,0.0,0.0,0.0,100,2.7,42,1016.2
2025-11-21 04:00:00,2025-11-21,04:00:00,4,Friday,3.0,90,0.0,0.0,0.0,100,3.4,72,1015.6
2025-11-21 05:00:00,2025-11-21,05:00:00,5,Friday,3.6,86,0.0,0.0,0.0,100,2.7,293,1015.4
2025-11-21 06:00:00,2025-11-21,06:00:00,6,Friday,3.9,88,0.0,0.0,0.0,100,2.8,305,1015.5
2025-11-21 07:00:00,2025-11-21,07:00:00,7,Friday,4.0,89,0.0,0.0,0.0,88,3.1,190,1015.4
2025-11-21 08:00:00,2025-11-21,08:00:00,8,Friday,4.9,85,0.0,0.0,0.0,99,5.3,204,1015.5
2025-11-21 09:00:00,2025-11-21,09:00:00,9,Friday,6.4,81,0.0,0.0,0.0,100,4.6,211,1015.2
2025-11-21 10:00:00,2025-11-21,10:00:00,10,Friday,7.8,76,0.0,0.0,0.0,100,5.1,216,1014.6
2025-11-21 11:00:00,2025-11-21,11:00:00,11,Friday,8.9,75,0.0,0.0,0.0,100,7.5,213,1013.9
2025-11-21 12:00:00,2025-11-21,12:00:00,12,Friday,10.8,70,0.0,0.0,0.0,100,14.4,238,1012.9
2025-11-21 13:00:00,2025-11-21,13:00:00,13,Friday,10.1,73,0.0,0.0,0.0,100,14.1,239,1012.3
2025-11-21 14:00:00,2025-11-21,14:00:00,14,Friday,10.6,71,0.0,0.0,0.0,100,14.0,240,1011.5
2025-11-21 15:00:00,2025-11-21,15:00:00,15,Friday,10.8,72,0.0,0.0,0.0,100,11.3,243,1011.1
2025-11-21 16:00:00,2025-11-21,16:00:00,16,Friday,10.5,76,0.0,0.0,0.0,100,8.4,245,1011.0
2025-11-21 17:00:00,2025-11-21,17:00:00,17,Friday,9.9,80,0.0,0.0,0.0,100,4.9,242,1011.0
2025-11-21 18:00:00,2025-11-21,18:00:00,18,Friday,9.3,85,0.0,0.0,0.0,100,2.8,255,1011.0
2025-11-21 19:00:00,2025-11-21,19:00:00,19,Friday,8.6,86,0.0,0.0,0.0,100,4.8,236,1010.8
2025-11-21 20:00:00,2025-11-21,20:00:00,20,Friday,8.5,87,0.0,0.0,0.0,100,5.4,249,1011.1
2025-11-21 21:00:00,2025-11-21,21:00:00,21,Friday,8.2,88,0.0,0.0,0.0,100,5.5,251,1010.9
2025-11-21 22:00:00,2025-11-21,22:00:00,22,Friday,7.7,90,0.0,0.0,0.0,100,4.8,259,1010.9
2025-11-21 23:00:00,2025-11-21,23:00:00,23,Friday,7.0,92,0.0,0.0,0.0,100,4.2,252,1010.3
2025-11-22 00:00:00,2025-11-22,00:00:00,0,Saturday,6.9,93,0.0,0.0,0.0,100,3.6,225,1010.0
2025-11-22 01:00:00,2025-11-22,01:00:00,1,Saturday,7.6,91,0.0,0.0,0.0,100,5.2,229,1009.5
2025-11-22 02:00:00,2025-11-22,02:00:00,2,Saturday,7.8,91,0.2,0.2,0.0,100,3.9,223,1009.0
2025-11-22 03:00:00,2025-11-22,03:00:00,3,Saturday,7.7,91,0.3,0.3,0.0,100,2.0,170,1008.3
2025-11-22 04:00:00,2025-11-22,04:00:00,4,Saturday,7.5,94,0.5,0.5,0.0,100,1.4,203,1007.5
2025-11-22 05:00:00,2025-11-22,05:00:00,5,Saturday,7.2,97,0.5,0.5,0.0,100,4.4,353,1007.3
2025-11-22 06:00:00,2025-11-22,06:00:00,6,Saturday,7.4,96,1.7,1.7,0.0,100,8.3,355,1007.3
2025-11-22 07:00:00,2025-11-22,07:00:00,7,Saturday,7.1,96,0.8,0.8,0.0,100,10.0,9,1006.9
2025-11-22 08:00:00,2025-11-22,08:00:00,8,Saturday,7.4,95,0.6,0.6,0.0,100,6.6,11,1007.7
2025-11-22 09:00:00,2025-11-22,09:00:00,9,Saturday,7.9,93,0.3,0.3,0.0,100,6.1,3,1008.2
2025-11-22 10:00:00,2025-11-22,10:00:00,10,Saturday,8.3,92,0.0,0.0,0.0,100,4.3,345,1008.1
2025-11-22 11:00:00,2025-11-22,11:00:00,11,Saturday,9.0,89,0.2,0.2,0.0,100,5.6,333,1008.0
2025-11-22 12:00:00,2025-11-22,12:00:00,12,Saturday,9.3,82,0.0,0.0,0.0,51,8.6,327,1007.3
2025-11-22 13:00:00,2025-11-22,13:00:00,13,Saturday,10.0,70,0.0,0.0,0.0,18,12.4,339,1007.3
2025-11-22 14:00:00,2025-11-22,14:00:00,14,Saturday,10.9,60,0.0,0.0,0.0,98,11.2,339,1007.1
2025-11-22 15:00:00,2025-11-22,15:00:00,15,Saturday,10.9,59,0.0,0.0,0.0,90,10.5,340,1007.5
2025-11-22 16:00:00,2025-11-22,16:00:00,16,Saturday,10.2,62,0.0,0.0,0.0,9,9.9,335,1008.1
2025-11-22 17:00:00,2025-11-22,17:00:00,17,Saturday,8.5,57,0.0,0.0,0.0,0,14.2,325,1009.7
2025-11-22 18:00:00,2025-11-22,18:00:00,18,Saturday,7.2,59,0.0,0.0,0.0,0,10.9,329,1010.9
2025-11-22 19:00:00,2025-11-22,19:00:00,19,Saturday,6.3,61,0.0,0.0,0.0,0,9.3,320,1011.7
2025-11-22 20:00:00,2025-11-22,20:00:00,20,Saturday,5.7,63,0.0,0.0,0.0,0,10.1,327,1012.5
2025-11-22 21:00:00,2025-11-22,21:00:00,21,Saturday,5.0,64,0.0,0.0,0.0,0,10.9,347,1012.8
2025-11-22 22:00:00,2025-11-22,22:00:00,22,Saturday,4.2,67,0.0,0.0,0.0,25,7.8,341,1013.0
2025-11-22 23:00:00,2025-11-22,23:00:00,23,Saturday,3.1,72,0.0,0.0,0.0,98,5.6,338,1013.0
2025-11-23 00:00:00,2025-11-23,00:00:00,0,Sunday,2.4,76,0.0,0.0,0.0,43,4.6,334,1013.0
2025-11-23 01:00:00,2025-11-23,01:00:00,1,Sunday,1.5,78,0.0,0.0,0.0,100,4.3,315,1013.4
2025-11-23 02:00:00,2025-11-23,02:00:00,2,Sunday,0.8,79,0.0,0.0,0.0,0,4.4,333,1013.7
2025-11-23 03:00:00,2025-11-23,03:00:00,3,Sunday,0.3,80,0.0,0.0,0.0,0,4.1,345,1013.4
2025-11-23 04:00:00,2025-11-23,04:00:00,4,Sunday,-0.1,82,0.0,0.0,0.0,0,3.2,344,1013.1
2025-11-23 05:00:00,2025-11-23,05:00:00,5,Sunday,-0.2,84,0.0,0.0,0.0,0,1.1,288,1013.6
2025-11-23 06:00:00,2025-11-23,06:00:00,6,Sunday,-0.5,87,0.0,0.0,0.0,0,0.9,233,1013.3
2025-11-23 07:00:00,2025-11-23,07:00:00,7,Sunday,-1.0,95,0.0,0.0,0.0,2,1.7,212,1013.6
2025-11-23 08:00:00,2025-11-23,08:00:00,8,Sunday,0.1,89,0.0,0.0,0.0,100,5.0,232,1013.6
2025-11-23 09:00:00,2025-11-23,09:00:00,9,Sunday,1.6,81,0.0,0.0,0.0,21,5.0,199,1013.3
2025-11-23 10:00:00,2025-11-23,10:00:00,10,Sunday,4.1,66,0.0,0.0,0.0,100,4.7,203,1012.6
2025-11-23 11:00:00,2025-11-23,11:00:00,11,Sunday,4.4,64,0.0,0.0,0.0,86,5.8,210,1011.8
2025-11-23 12:00:00,2025-11-23,12:00:00,12,Sunday,5.4,59,0.0,0.0,0.0,95,5.6,209,1010.4
2025-11-23 13:00:00,2025-11-23,13:00:00,13,Sunday,7.3,56,0.0,0.0,0.0,98,8.0,205,1009.7
2025-11-23 14:00:00,2025-11-23,14:00:00,14,Sunday,7.1,62,0.0,0.0,0.0,100,8.1,219,1009.2
2025-11-23 15:00:00,2025-11-23,15:00:00,15,Sunday,7.4,65,0.0,0.0,0.0,1,12.2,243,1009.2
2025-11-23 16:00:00,2025-11-23,16:00:00,16,Sunday,7.5,68,0.0,0.0,0.0,5,10.3,271,1009.8
2025-11-23 17:00:00,2025-11-23,17:00:00,17,Sunday,7.1,70,0.0,0.0,0.0,2,9.4,265,1010.5
2025-11-23 18:00:00,2025-11-23,18:00:00,18,Sunday,6.6,69,0.0,0.0,0.0,0,11.4,264,1010.5
2025-11-23 19:00:00,2025-11-23,19:00:00,19,Sunday,6.3,71,0.0,0.0,0.0,2,10.3,254,1011.2
2025-11-23 20:00:00,2025-11-23,20:00:00,20,Sunday,6.0,72,0.0,0.0,0.0,15,9.3,255,1011.7
2025-11-23 21:00:00,2025-11-23,21:00:00,21,Sunday,5.7,73,0.0,0.0,0.0,2,9.6,258,1012.1
2025-11-23 22:00:00,2025-11-23,22:00:00,22,Sunday,5.3,74,0.0,0.0,0.0,2,9.6,262,1012.4
2025-11-23 23:00:00,2025-11-23,23:00:00,23,Sunday,5.0,73,0.0,0.0,0.0,0,9.4,265,1012.7
2025-11-24 00:00:00,2025-11-24,00:00:00,0,Monday,4.8,72,0.0,0.0,0.0,0,9.4,269,1013.0
2025-11-24 01:00:00,2025-11-24,01:00:00,1,Monday,4.7,69,0.0,0.0,0.0,1,11.1,257,1013.1
2025-11-24 02:00:00,2025-11-24,02:00:00,2,Monday,4.6,69,0.0,0.0,0.0,2,11.1,263,1013.6
2025-11-24 03:00:00,2025-11-24,03:00:00,3,Monday,4.3,70,0.0,0.0,0.0,7,10.0,263,1013.9
2025-11-24 04:00:00,2025-11-24,04:00:00,4,Monday,4.1,71,0.0,0.0,0.0,2,10.1,274,1014.4
2025-11-24 05:00:00,2025-11-24,05:00:00,5,Monday,4.1,72,0.0,0.0,0.0,3,11.1,278,1015.4
2025-11-24 06:00:00,2025-11-24,06:00:00,6,Monday,4.1,74,0.0,0.0,0.0,3,12.0,294,1016.1
2025-11-24 07:00:00,2025-11-24,07:00:00,7,Monday,4.6,67,0.0,0.0,0.0,2,10.9,292,1017.4
2025-11-24 08:00:00,2025-11-24,08:00:00,8,Monday,5.8,64,0.0,0.0,0.0,6,11.5,309,1018.7
2025-11-24 09:00:00,2025-11-24,09:00:00,9,Monday,7.3,60,0.0,0.0,0.0,4,10.7,316,1019.3
2025-11-24 10:00:00,2025-11-24,10:00:00,10,Monday,8.2,54,0.0,0.0,0.0,6,13.5,322,1019.5
2025-11-24 11:00:00,2025-11-24,11:00:00,11,Monday,9.0,50,0.0,0.0,0.0,1,12.1,325,1019.7
2025-11-24 12:00:00,2025-11-24,12:00:00,12,Monday,9.6,49,0.0,0.0,0.0,0,10.0,322,1018.9
2025-11-24 13:00:00,2025-11-24,13:00:00,13,Monday,10.7,42,0.0,0.0,0.0,27,8.7,302,1018.9
2025-11-24 14:00:00,2025-11-24,14:00:00,14,Monday,11.2,40,0.0,0.0,0.0,0,8.9,298,1019.1
2025-11-24 15:00:00,2025-11-24,15:00:00,15,Monday,11.1,40,0.0,0.0,0.0,8,9.0,300,1019.5
2025-11-24 16:00:00,2025-11-24,16:00:00,16,Monday,10.1,48,0.0,0.0,0.0,17,4.7,298,1020.0
2025-11-24 17:00:00,2025-11-24,17:00:00,17,Monday,8.2,59,0.0,0.0,0.0,45,2.2,284,1020.1
2025-11-24 18:00:00,2025-11-24,18:00:00,18,Monday,7.2,64,0.0,0.0,0.0,99,2.4,283,1020.7
2025-11-24 19:00:00,2025-11-24,19:00:00,19,Monday,6.6,62,0.0,0.0,0.0,100,3.0,245,1021.4
2025-11-24 20:00:00,2025-11-24,20:00:00,20,Monday,5.9,64,0.0,0.0,0.0,100,0.7,256,1021.3
2025-11-24 21:00:00,2025-11-24,21:00:00,21,Monday,5.1,68,0.0,0.0,0.0,100,2.3,266,1021.7
2025-11-24 22:00:00,2025-11-24,22:00:00,22,Monday,4.8,71,0.0,0.0,0.0,100,1.9,253,1021.6
2025-11-24 23:00:00,2025-11-24,23:00:00,23,Monday,4.3,75,0.0,0.0,0.0,100,3.5,192,1021.4
2025-11-25 00:00:00,2025-11-25,00:00:00,0,Tuesday,3.9,78,0.0,0.0,0.0,100,4.6,206,1021.1
2025-11-25 01:00:00,2025-11-25,01:00:00,1,Tuesday,3.6,77,0.0,0.0,0.0,100,4.8,236,1021.3
2025-11-25 02:00:00,2025-11-25,02:00:00,2,Tuesday,3.0,80,0.0,0.0,0.0,100,4.2,239,1021.7
2025-11-25 03:00:00,2025-11-25,03:00:00,3,Tuesday,2.8,81,0.0,0.0,0.0,100,4.5,220,1021.0
2025-11-25 04:00:00,2025-11-25,04:00:00,4,Tuesday,2.8,79,0.0,0.0,0.0,100,5.7,229,1021.0
2025-11-25 05:00:00,2025-11-25,05:00:00,5,Tuesday,2.8,79,0.0,0.0,0.0,100,5.3,204,1020.8
2025-11-25 06:00:00,2025-11-25,06:00:00,6,Tuesday,3.6,76,0.0,0.0,0.0,100,5.1,216,1020.3
2025-11-25 07:00:00,2025-11-25,07:00:00,7,Tuesday,4.0,76,0.0,0.0,0.0,100,5.2,221,1021.1
2025-11-25 08:00:00,2025-11-25,08:00:00,8,Tuesday,5.1,72,0.0,0.0,0.0,100,7.1,207,1021.0
2025-11-25 09:00:00,2025-11-25,09:00:00,9,Tuesday,6.7,70,0.0,0.0,0.0,100,9.0,195,1020.8
2025-11-25 10:00:00,2025-11-25,10:00:00,10,Tuesday,8.2,68,0.0,0.0,0.0,100,7.1,187,1020.5
2025-11-25 11:00:00,2025-11-25,11:00:00,11,Tuesday,9.2,67,0.0,0.0,0.0,100,4.7,203,1019.8
2025-11-25 12:00:00,2025-11-25,12:00:00,12,Tuesday,10.1,67,0.0,0.0,0.0,100,3.7,129,1018.4
2025-11-25 13:00:00,2025-11-25,13:00:00,13,Tuesday,11.9,63,0.0,0.0,0.0,100,6.4,170,1017.7
2025-11-25 14:00:00,2025-11-25,14:00:00,14,Tuesday,12.3,63,0.0,0.0,0.0,100,7.4,176,1017.1
2025-11-25 15:00:00,2025-11-25,15:00:00,15,Tuesday,11.4,74,0.3,0.3,0.0,100,6.3,121,1016.6
2025-11-25 16:00:00,2025-11-25,16:00:00,16,Tuesday,10.6,85,0.5,0.5,0.0,100,9.7,145,1015.9
2025-11-25 17:00:00,2025-11-25,17:00:00,17,Tuesday,10.2,92,0.8,0.8,0.0,100,13.1,167,1015.3
2025-11-25 18:00:00,2025-11-25,18:00:00,18,Tuesday,10.1,93,1.2,1.2,0.0,100,9.7,162,1014.3
2025-11-25 19:00:00,2025-11-25,19:00:00,19,Tuesday,10.5,95,1.1,1.1,0.0,100,9.4,154,1014.0
2025-11-25 20:00:00,2025-11-25,20:00:00,20,Tuesday,10.9,95,1.6,1.6,0.0,100,10.5,147,1013.2
2025-11-25 21:00:00,2025-11-25,21:00:00,21,Tuesday,11.6,95,2.2,2.2,0.0,100,13.5,149,1011.8
2025-11-25 22:00:00,2025-11-25,22:00:00,22,Tuesday,12.6,94,2.5,2.5,0.0,100,18.0,171,1010.3
2025-11-25 23:00:00,2025-11-25,23:00:00,23,Tuesday,12.8,95,3.5,3.5,0.0,100,17.4,170,1009.1
2025-11-26 00:00:00,2025-11-26,00:00:00,0,Wednesday,13.3,94,0.2,0.2,0.0,100,17.2,210,1008.7
2025-11-26 01:00:00,2025-11-26,01:00:00,1,Wednesday,13.1,96,0.0,0.0,0.0,100,13.7,225,1008.3
2025-11-26 02:00:00,2025-11-26,02:00:00,2,Wednesday,12.7,96,0.0,0.0,0.0,67,10.8,227,1008.4
2025-11-26 03:00:00,2025-11-26,03:00:00,3,Wednesday,12.2,96,0.0,0.0,0.0,87,11.6,228,1008.1
2025-11-26 04:00:00,2025-11-26,04:00:00,4,Wednesday,11.4,96,0.0,0.0,0.0,96,11.7,227,1007.6
2025-11-26 05:00:00,2025-11-26,05:00:00,5,Wednesday,11.0,96,0.0,0.0,0.0,63,12.0,217,1007.4
2025-11-26 06:00:00,2025-11-26,06:00:00,6,Wednesday,10.7,96,0.0,0.0,0.0,13,10.9,219,1006.8
2025-11-26 07:00:00,2025-11-26,07:00:00,7,Wednesday,11.2,96,0.0,0.0,0.0,100,9.9,212,1006.9
2025-11-26 08:00:00,2025-11-26,08:00:00,8,Wednesday,12.0,95,0.0,0.0,0.0,49,10.8,218,1006.8
2025-11-26 09:00:00,2025-11-26,09:00:00,9,Wednesday,13.5,90,0.0,0.0,0.0,100,13.6,224,1006.7
2025-11-26 10:00:00,2025-11-26,10:00:00,10,Wednesday,14.0,90,0.0,0.0,0.0,100,13.7,224,1006.1
2025-11-26 11:00:00,2025-11-26,11:00:00,11,Wednesday,14.9,85,0.0,0.0,0.0,100,15.4,222,1005.2
2025-11-26 12:00:00,2025-11-26,12:00:00,12,Wednesday,15.3,85,0.0,0.0,0.0,100,13.1,221,1003.9
2025-11-26 13:00:00,2025-11-26,13:00:00,13,Wednesday,14.5,87,0.0,0.0,0.0,100,8.7,246,1003.2
2025-11-26 14:00:00,2025-11-26,14:00:00,14,Wednesday,14.7,86,0.0,0.0,0.0,100,7.3,228,1002.4
2025-11-26 15:00:00,2025-11-26,15:00:00,15,Wednesday,14.7,86,0.0,0.0,0.0,100,8.2,216,1002.3
2025-11-26 16:00:00,2025-11-26,16:00:00,16,Wednesday,14.4,89,0.1,0.1,0.0,100,6.4,196,1002.1
2025-11-26 17:00:00,2025-11-26,17:00:00,17,Wednesday,13.8,92,0.0,0.0,0.0,23,7.5,195,1001.8
2025-11-26 18:00:00,2025-11-26,18:00:00,18,Wednesday,13.0,94,0.0,0.0,0.0,38,8.4,211,1001.8
2025-11-26 19:00:00,2025-11-26,19:00:00,19,Wednesday,13.4,94,0.0,0.0,0.0,100,11.2,249,1002.4
2025-11-26 20:00:00,2025-11-26,20:00:00,20,Wednesday,12.9,94,0.8,0.8,0.0,82,9.7,248,1002.2
2025-11-26 21:00:00,2025-11-26,21:00:00,21,Wednesday,12.5,92,0.0,0.0,0.0,67,14.4,261,1002.7
2025-11-26 22:00:00,2025-11-26,22:00:00,22,Wednesday,11.6,78,0.0,0.0,0.0,25,17.6,276,1002.8
2025-11-26 23:00:00,2025-11-26,23:00:00,23,Wednesday,10.2,68,0.0,0.0,0.0,100,14.9,285,1004.2
2025-11-27 00:00:00,2025-11-27,00:00:00,0,Thursday,9.2,64,0.0,0.0,0.0,5,14.3,282,1005.6
2025-11-27 01:00:00,2025-11-27,01:00:00,1,Thursday,7.2,51,0.0,0.0,0.0,0,20.0,278,1005.9
2025-11-27 02:00:00,2025-11-27,02:00:00,2,Thursday,5.9,53,0.0,0.0,0.0,16,18.7,277,1006.8
2025-11-27 03:00:00,2025-11-27,03:00:00,3,Thursday,5.4,54,0.0,0.0,0.0,98,16.1,274,1007.4
2025-11-27 04:00:00,2025-11-27,04:00:00,4,Thursday,5.0,54,0.0,0.0,0.0,68,15.1,269,1007.9
2025-11-27 05:00:00,2025-11-27,05:00:00,5,Thursday,4.5,55,0.0,0.0,0.0,52,15.9,261,1008.7
2025-11-27 06:00:00,2025-11-27,06:00:00,6,Thursday,3.7,54,0.0,0.0,0.0,27,17.5,261,1009.1
2025-11-27 07:00:00,2025-11-27,07:00:00,7,Thursday,3.9,57,0.0,0.0,0.0,58,13.3,252,1009.5
2025-11-27 08:00:00,2025-11-27,08:00:00,8,Thursday,4.5,53,0.0,0.0,0.0,84,13.7,266,1010.1
2025-11-27 09:00:00,2025-11-27,09:00:00,9,Thursday,5.5,49,0.0,0.0,0.0,76,12.9,258,1010.0
2025-11-27 10:00:00,2025-11-27,10:00:00,10,Thursday,6.3,45,0.0,0.0,0.0,99,16.6,264,1010.0
2025-11-27 11:00:00,2025-11-27,11:00:00,11,Thursday,7.0,42,0.0,0.0,0.0,89,17.3,274,1009.5
2025-11-27 12:00:00,2025-11-27,12:00:00,12,Thursday,7.0,40,0.0,0.0,0.0,98,17.5,269,1008.9
2025-11-27 13:00:00,2025-11-27,13:00:00,13,Thursday,7.3,40,0.0,0.0,0.0,20,16.2,269,1008.6
2025-11-27 14:00:00,2025-11-27,14:00:00,14,Thursday,6.9,41,0.0,0.0,0.0,73,16.9,269,1008.4
2025-11-27 15:00:00,2025-11-27,15:00:00,15,Thursday,6.3,41,0.0,0.0,0.0,100,16.7,269,1008.7
2025-11-27 16:00:00,2025-11-27,16:00:00,16,Thursday,5.2,46,0.0,0.0,0.0,99,14.1,267,1008.8
2025-11-27 17:00:00,2025-11-27,17:00:00,17,Thursday,4.3,50,0.0,0.0,0.0,100,13.1,262,1009.2
2025-11-27 18:00:00,2025-11-27,18:00:00,18,Thursday,3.9,51,0.0,0.0,0.0,93,12.6,266,1009.3
2025-11-27 19:00:00,2025-11-27,19:00:00,19,Thursday,3.5,51,0.0,0.0,0.0,100,13.6,262,1009.5
2025-11-27 20:00:00,2025-11-27,20:00:00,20,Thursday,3.2,53,0.0,0.0,0.0,96,12.8,267,1009.2
2025-11-27 21:00:00,2025-11-27,21:00:00,21,Thursday,2.9,54,0.0,0.0,0.0,99,12.1,267,1009.1
2025-11-27 22:00:00,2025-11-27,22:00:00,22,Thursday,2.3,56,0.0,0.0,0.0,8,13.3,260,1008.9
2025-11-27 23:00:00,2025-11-27,23:00:00,23,Thursday,1.7,58,0.0,0.0,0.0,0,13.5,260,1008.8
2025-11-28 00:00:00,2025-11-28,00:00:00,0,Friday,1.2,60,0.0,0.0,0.0,0,13.4,259,1008.6
2025-11-28 01:00:00,2025-11-28,01:00:00,1,Friday,1.2,60,0.0,0.0,0.0,2,14.7,253,1008.4
2025-11-28 02:00:00,2025-11-28,02:00:00,2,Friday,0.9,62,0.0,0.0,0.0,0,13.3,254,1008.3
2025-11-28 03:00:00,2025-11-28,03:00:00,3,Friday,0.6,64,0.0,0.0,0.0,0,12.6,253,1008.3
2025-11-28 04:00:00,2025-11-28,04:00:00,4,Friday,0.3,65,0.0,0.0,0.0,0,13.1,251,1008.0
2025-11-28 05:00:00,2025-11-28,05:00:00,5,Friday,0.1,65,0.0,0.0,0.0,0,13.8,252,1007.9
2025-11-28 06:00:00,2025-11-28,06:00:00,6,Friday,-0.1,64,0.0,0.0,0.0,2,13.7,251,1008.2
2025-11-28 07:00:00,2025-11-28,07:00:00,7,Friday,0.3,60,0.0,0.0,0.0,6,16.2,253,1008.6
2025-11-28 08:00:00,2025-11-28,08:00:00,8,Friday,1.0,58,0.0,0.0,0.0,0,16.3,252,1008.9
2025-11-28 09:00:00,2025-11-28,09:00:00,9,Friday,2.1,55,0.0,0.0,0.0,12,15.0,240,1009.3
2025-11-28 10:00:00,2025-11-28,10:00:00,10,Friday,3.3,49,0.0,0.0,0.0,17,19.7,256,1009.7
2025-11-28 11:00:00,2025-11-28,11:00:00,11,Friday,4.1,46,0.0,0.0,0.0,15,21.0,260,1009.7
2025-11-28 12:00:00,2025-11-28,12:00:00,12,Friday,5.3,39,0.0,0.0,0.0,43,21.3,267,1009.2
2025-11-28 13:00:00,2025-11-28,13:00:00,13,Friday,5.4,38,0.0,0.0,0.0,41,23.1,274,1009.7
2025-11-28 14:00:00,2025-11-28,14:00:00,14,Friday,5.5,35,0.0,0.0,0.0,77,25.9,276,1010.0
2025-11-28 15:00:00,2025-11-28,15:00:00,15,Friday,5.0,37,0.0,0.0,0.0,37,24.5,277,1010.9
2025-11-28 16:00:00,2025-11-28,16:00:00,16,Friday,4.6,40,0.0,0.0,0.0,12,18.4,270,1011.7
2025-11-28 17:00:00,2025-11-28,17:00:00,17,Friday,3.5,43,0.0,0.0,0.0,0,17.8,272,1013.0
2025-11-28 18:00:00,2025-11-28,18:00:00,18,Friday,3.1,43,0.0,0.0,0.0,10,17.8,268,1014.0
2025-11-28 19:00:00,2025-11-28,19:00:00,19,Friday,2.8,43,0.0,0.0,0.0,13,18.0,258,1014.8
2025-11-28 20:00:00,2025-11-28,20:00:00,20,Friday,2.3,47,0.0,0.0,0.0,5,17.3,266,1015.5
2025-11-28 21:00:00,2025-11-28,21:00:00,21,Friday,1.9,50,0.0,0.0,0.0,5,16.9,269,1016.1
2025-11-28 22:00:00,2025-11-28,22:00:00,22,Friday,1.5,52,0.0,0.0,0.0,2,16.6,272,1016.8
2025-11-28 23:00:00,2025-11-28,23:00:00,23,Friday,1.0,55,0.0,0.0,0.0,8,16.0,273,1017.9
2025-11-29 00:00:00,2025-11-29,00:00:00,0,Saturday,0.7,58,0.0,0.0,0.0,12,15.7,275,1018.9
2025-11-29 01:00:00,2025-11-29,01:00:00,1,Saturday,0.7,57,0.0,0.0,0.0,0,14.6,268,1019.1
2025-11-29 02:00:00,2025-11-29,02:00:00,2,Saturday,0.3,60,0.0,0.0,0.0,0,13.5,268,1020.3
2025-11-29 03:00:00,2025-11-29,03:00:00,3,Saturday,0.2,61,0.0,0.0,0.0,0,13.4,275,1021.3
2025-11-29 04:00:00,2025-11-29,04:00:00,4,Saturday,0.1,61,0.0,0.0,0.0,0,13.1,279,1021.9
2025-11-29 05:00:00,2025-11-29,05:00:00,5,Saturday,-0.1,61,0.0,0.0,0.0,0,12.7,281,1023.1
2025-11-29 06:00:00,2025-11-29,06:00:00,6,Saturday,-0.3,62,0.0,0.0,0.0,0,12.5,282,1024.3
2025-11-29 07:00:00,2025-11-29,07:00:00,7,Saturday,-0.3,59,0.0,0.0,0.0,0,12.9,283,1024.9
2025-11-29 08:00:00,2025-11-29,08:00:00,8,Saturday,0.2,58,0.0,0.0,0.0,0,13.4,294,1025.6
2025-11-29 09:00:00,2025-11-29,09:00:00,9,Saturday,1.4,56,0.0,0.0,0.0,0,9.2,281,1026.1
2025-11-29 10:00:00,2025-11-29,10:00:00,10,Saturday,2.8,51,0.0,0.0,0.0,0,12.0,298,1026.7
2025-11-29 11:00:00,2025-11-29,11:00:00,11,Saturday,3.7,46,0.0,0.0,0.0,0,13.2,308,1027.2
2025-11-29 12:00:00,2025-11-29,12:00:00,12,Saturday,4.4,43,0.0,0.0,0.0,1,13.0,307,1026.9
2025-11-29 13:00:00,2025-11-29,13:00:00,13,Saturday,5.4,37,0.0,0.0,0.0,0,11.5,302,1026.6
2025-11-29 14:00:00,2025-11-29,14:00:00,14,Saturday,5.7,35,0.0,0.0,0.0,0,11.7,308,1026.8
2025-11-29 15:00:00,2025-11-29,15:00:00,15,Saturday,5.3,36,0.0,0.0,0.0,0,10.2,315,1027.2
2025-11-29 16:00:00,2025-11-29,16:00:00,16,Saturday,4.4,43,0.0,0.0,0.0,0,6.0,319,1027.8
2025-11-29 17:00:00,2025-11-29,17:00:00,17,Saturday,2.4,56,0.0,0.0,0.0,59,5.1,337,1028.5
2025-11-29 18:00:00,2025-11-29,18:00:00,18,Saturday,1.7,58,0.0,0.0,0.0,69,5.8,4,1028.8
2025-11-29 19:00:00,2025-11-29,19:00:00,19,Saturday,1.1,62,0.0,0.0,0.0,84,4.6,13,1028.9
2025-11-29 20:00:00,2025-11-29,20:00:00,20,Saturday,0.4,64,0.0,0.0,0.0,63,4.6,18,1029.3
2025-11-29 21:00:00,2025-11-29,21:00:00,21,Saturday,-0.2,66,0.0,0.0,0.0,100,4.0,30,1029.2
2025-11-29 22:00:00,2025-11-29,22:00:00,22,Saturday,-0.4,67,0.0,0.0,0.0,100,3.9,56,1028.9
2025-11-29 23:00:00,2025-11-29,23:00:00,23,Saturday,-0.2,67,0.0,0.0,0.0,100,1.8,90,1028.9
2025-11-30 00:00:00,2025-11-30,00:00:00,0,Sunday,-0.5,71,0.0,0.0,0.0,100,2.6,106,1028.5
2025-11-30 01:00:00,2025-11-30,01:00:00,1,Sunday,0.2,67,0.0,0.0,0.0,100,5.8,90,1028.1
2025-11-30 02:00:00,2025-11-30,02:00:00,2,Sunday,0.6,64,0.0,0.0,0.0,100,7.3,70,1027.6
2025-11-30 03:00:00,2025-11-30,03:00:00,3,Sunday,0.6,73,0.0,0.0,0.0,100,2.2,42,1027.3
2025-11-30 04:00:00,2025-11-30,04:00:00,4,Sunday,0.7,75,0.0,0.0,0.0,100,1.4,113,1026.2
2025-11-30 05:00:00,2025-11-30,05:00:00,5,Sunday,0.4,75,0.0,0.0,0.0,100,4.1,165,1025.4
2025-11-30 06:00:00,2025-11-30,06:00:00,6,Sunday,0.8,73,0.0,0.0,0.0,100,5.6,174,1024.7
2025-11-30 07:00:00,2025-11-30,07:00:00,7,Sunday,0.2,81,0.0,0.0,0.0,100,4.1,124,1023.7
2025-11-30 08:00:00,2025-11-30,08:00:00,8,Sunday,1.6,74,0.0,0.0,0.0,100,5.5,144,1022.8
2025-11-30 09:00:00,2025-11-30,09:00:00,9,Sunday,3.1,70,0.0,0.0,0.0,100,6.0,163,1022.4
2025-11-30 10:00:00,2025-11-30,10:00:00,10,Sunday,3.5,72,0.0,0.0,0.0,100,5.3,168,1021.6
2025-11-30 11:00:00,2025-11-30,11:00:00,11,Sunday,4.2,71,0.3,0.3,0.0,100,9.3,224,1020.8
2025-11-30 12:00:00,2025-11-30,12:00:00,12,Sunday,4.2,77,0.8,0.8,0.0,100,11.9,221,1019.5
2025-11-30 13:00:00,2025-11-30,13:00:00,13,Sunday,3.8,88,0.6,0.6,0.0,100,10.7,234,1018.1
2025-11-30 14:00:00,2025-11-30,14:00:00,14,Sunday,4.2,88,0.3,0.3,0.0,100,11.5,224,1017.0
2025-11-30 15:00:00,2025-11-30,15:00:00,15,Sunday,4.3,89,0.4,0.4,0.0,100,10.2,214,1016.1
2025-11-30 16:00:00,2025-11-30,16:00:00,16,Sunday,4.4,91,0.4,0.4,0.0,100,12.5,205,1015.2
2025-11-30 17:00:00,2025-11-30,17:00:00,17,Sunday,4.6,92,0.3,0.3,0.0,100,12.1,218,1015.1
2025-11-30 18:00:00,2025-11-30,18:00:00,18,Sunday,4.8,92,0.2,0.2,0.0,100,12.4,222,1014.9
2025-11-30 19:00:00,2025-11-30,19:00:00,19,Sunday,4.7,94,0.0,0.0,0.0,100,11.8,231,1015.1
2025-11-30 20:00:00,2025-11-30,20:00:00,20,Sunday,4.7,94,0.0,0.0,0.0,100,12.3,240,1015.0
2025-11-30 21:00:00,2025-11-30,21:00:00,21,Sunday,4.5,95,0.0,0.0,0.0,100,11.9,248,1014.8
2025-11-30 22:00:00,2025-11-30,22:00:00,22,Sunday,3.7,95,0.0,0.0,0.0,100,10.0,261,1014.8
2025-11-30 23:00:00,2025-11-30,23:00:00,23,Sunday,3.9,90,0.0,0.0,0.0,100,14.8,279,1015.3
2025-12-01 00:00:00,2025-12-01,00:00:00,0,Monday,3.8,83,0.0,0.0,0.0,100,17.8,284,1016.0
2025-12-01 01:00:00,2025-12-01,01:00:00,1,Monday,3.6,72,0.0,0.0,0.0,98,17.1,288,1016.6
2025-12-01 02:00:00,2025-12-01,02:00:00,2,Monday,2.9,67,0.0,0.0,0.0,6,11.4,275,1017.7
2025-12-01 03:00:00,2025-12-01,03:00:00,3,Monday,2.5,61,0.0,0.0,0.0,27,13.8,286,1018.2
2025-12-01 04:00:00,2025-12-01,04:00:00,4,Monday,2.3,59,0.0,0.0,0.0,45,14.6,288,1018.8
2025-12-01 05:00:00,2025-12-01,05:00:00,5,Monday,2.1,61,0.0,0.0,0.0,27,13.4,294,1019.5
2025-12-01 06:00:00,2025-12-01,06:00:00,6,Monday,1.9,64,0.0,0.0,0.0,23,10.0,291,1020.5
2025-12-01 07:00:00,2025-12-01,07:00:00,7,Monday,2.1,62,0.0,0.0,0.0,8,11.5,300,1021.3
2025-12-01 08:00:00,2025-12-01,08:00:00,8,Monday,2.8,58,0.0,0.0,0.0,5,12.6,313,1022.2
2025-12-01 09:00:00,2025-12-01,09:00:00,9,Monday,3.7,48,0.0,0.0,0.0,9,15.1,319,1022.9
2025-12-01 10:00:00,2025-12-01,10:00:00,10,Monday,4.0,45,0.0,0.0,0.0,7,14.6,321,1023.5
2025-12-01 11:00:00,2025-12-01,11:00:00,11,Monday,4.5,42,0.0,0.0,0.0,0,13.8,319,1023.1
2025-12-01 12:00:00,2025-12-01,12:00:00,12,Monday,4.9,42,0.0,0.0,0.0,23,12.4,317,1022.5
2025-12-01 13:00:00,2025-12-01,13:00:00,13,Monday,5.7,35,0.0,0.0,0.0,16,11.2,312,1022.2
2025-12-01 14:00:00,2025-12-01,14:00:00,14,Monday,5.9,34,0.0,0.0,0.0,63,10.2,318,1021.9
2025-12-01 15:00:00,2025-12-01,15:00:00,15,Monday,5.5,35,0.0,0.0,0.0,52,9.8,322,1022.0
2025-12-01 16:00:00,2025-12-01,16:00:00,16,Monday,4.4,41,0.0,0.0,0.0,95,7.3,320,1022.3
2025-12-01 17:00:00,2025-12-01,17:00:00,17,Monday,2.9,50,0.0,0.0,0.0,100,6.4,322,1022.6
2025-12-01 18:00:00,2025-12-01,18:00:00,18,Monday,2.2,54,0.0,0.0,0.0,100,7.4,326,1022.9
2025-12-01 19:00:00,2025-12-01,19:00:00,19,Monday,1.2,64,0.0,0.0,0.0,98,4.6,315,1022.8
2025-12-01 20:00:00,2025-12-01,20:00:00,20,Monday,0.6,63,0.0,0.0,0.0,93,4.2,350,1022.5
2025-12-01 21:00:00,2025-12-01,21:00:00,21,Monday,-0.0,66,0.0,0.0,0.0,83,4.4,12,1022.5
2025-12-01 22:00:00,2025-12-01,22:00:00,22,Monday,-0.5,68,0.0,0.0,0.0,91,5.0,52,1021.9
2025-12-01 23:00:00,2025-12-01,23:00:00,23,Monday,-1.2,73,0.0,0.0,0.0,100,4.8,70,1021.7
2025-12-02 00:00:00,2025-12-02,00:00:00,0,Tuesday,-1.2,74,0.0,0.0,0.0,100,1.4,40,1021.3
2025-12-02 01:00:00,2025-12-02,01:00:00,1,Tuesday,-1.7,81,0.0,0.0,0.0,100,3.9,53,1020.2
2025-12-02 02:00:00,2025-12-02,02:00:00,2,Tuesday,-1.6,78,0.0,0.0,0.0,100,4.1,45,1019.4
2025-12-02 03:00:00,2025-12-02,03:00:00,3,Tuesday,-1.5,76,0.0,0.0,0.0,100,4.6,59,1018.3
2025-12-02 04:00:00,2025-12-02,04:00:00,4,Tuesday,-0.9,74,0.0,0.0,0.0,100,6.9,47,1016.7
2025-12-02 05:00:00,2025-12-02,05:00:00,5,Tuesday,-0.8,76,0.0,0.0,0.0,100,5.6,50,1016.1
2025-12-02 06:00:00,2025-12-02,06:00:00,6,Tuesday,-0.5,79,0.0,0.0,0.0,100,3.9,43,1015.4
2025-12-02 07:00:00,2025-12-02,07:00:00,7,Tuesday,-0.1,82,0.2,0.0,0.14,100,5.3,38,1014.7
2025-12-02 08:00:00,2025-12-02,08:00:00,8,Tuesday,0.3,82,0.1,0.1,0.0,100,6.7,63,1012.3
2025-12-02 09:00:00,2025-12-02,09:00:00,9,Tuesday,0.8,84,0.4,0.4,0.0,100,7.8,32,1011.7
2025-12-02 10:00:00,2025-12-02,10:00:00,10,Tuesday,0.9,97,1.6,1.6,0.0,100,8.4,353,1011.2
2025-12-02 11:00:00,2025-12-02,11:00:00,11,Tuesday,0.8,100,2.6,2.6,0.0,100,13.7,347,1009.8
2025-12-02 12:00:00,2025-12-02,12:00:00,12,Tuesday,1.3,100,2.2,2.2,0.0,100,15.6,346,1007.1
2025-12-02 13:00:00,2025-12-02,13:00:00,13,Tuesday,1.9,100,2.2,2.2,0.0,100,17.0,345,1005.3
2025-12-02 14:00:00,2025-12-02,14:00:00,14,Tuesday,2.8,98,2.5,2.5,0.0,100,15.3,15,1003.2
2025-12-02 15:00:00,2025-12-02,15:00:00,15,Tuesday,2.6,97,3.0,3.0,0.0,100,15.2,350,1002.4
2025-12-02 16:00:00,2025-12-02,16:00:00,16,Tuesday,2.5,97,1.8,1.8,0.0,100,17.2,16,1000.7
2025-12-02 17:00:00,2025-12-02,17:00:00,17,Tuesday,2.4,95,0.6,0.6,0.0,100,16.7,342,1000.5
2025-12-02 18:00:00,2025-12-02,18:00:00,18,Tuesday,2.0,93,0.0,0.0,0.0,100,15.7,3,1000.3
2025-12-02 19:00:00,2025-12-02,19:00:00,19,Tuesday,2.3,93,0.0,0.0,0.0,100,14.9,343,1000.0
2025-12-02 20:00:00,2025-12-02,20:00:00,20,Tuesday,2.2,92,0.0,0.0,0.0,100,16.1,336,1000.5
2025-12-02 21:00:00,2025-12-02,21:00:00,21,Tuesday,2.2,89,0.0,0.0,0.0,100,16.2,343,1001.2
2025-12-02 22:00:00,2025-12-02,22:00:00,22,Tuesday,2.0,87,0.0,0.0,0.0,100,14.9,343,1001.7
2025-12-02 23:00:00,2025-12-02,23:00:00,23,Tuesday,2.1,84,0.0,0.0,0.0,100,14.1,333,1002.7
2025-12-03 00:00:00,2025-12-03,00:00:00,0,Wednesday,2.2,82,0.0,0.0,0.0,96,15.1,327,1003.8
2025-12-03 01:00:00,2025-12-03,01:00:00,1,Wednesday,1.9,77,0.0,0.0,0.0,45,17.7,315,1004.6
2025-12-03 02:00:00,2025-12-03,02:00:00,2,Wednesday,1.2,77,0.0,0.0,0.0,75,17.6,320,1005.8
2025-12-03 03:00:00,2025-12-03,03:00:00,3,Wednesday,0.8,75,0.0,0.0,0.0,34,16.0,322,1007.2
2025-12-03 04:00:00,2025-12-03,04:00:00,4,Wednesday,0.1,74,0.0,0.0,0.0,2,15.3,329,1008.1
2025-12-03 05:00:00,2025-12-03,05:00:00,5,Wednesday,-0.6,75,0.0,0.0,0.0,4,12.5,324,1009.3
2025-12-03 06:00:00,2025-12-03,06:00:00,6,Wednesday,-1.3,77,0.0,0.0,0.0,0,10.5,329,1010.0
2025-12-03 07:00:00,2025-12-03,07:00:00,7,Wednesday,-1.4,79,0.0,0.0,0.0,0,8.8,309,1011.2
2025-12-03 08:00:00,2025-12-03,08:00:00,8,Wednesday,-1.3,79,0.0,0.0,0.0,11,8.4,305,1012.1
2025-12-03 09:00:00,2025-12-03,09:00:00,9,Wednesday,-0.4,71,0.0,0.0,0.0,98,10.0,326,1013.2
2025-12-03 10:00:00,2025-12-03,10:00:00,10,Wednesday,0.6,64,0.0,0.0,0.0,47,7.7,339,1013.6
2025-12-03 11:00:00,2025-12-03,11:00:00,11,Wednesday,1.6,59,0.0,0.0,0.0,15,8.3,333,1013.7
2025-12-03 12:00:00,2025-12-03,12:00:00,12,Wednesday,2.4,56,0.0,0.0,0.0,10,7.5,307,1014.0
2025-12-03 13:00:00,2025-12-03,13:00:00,13,Wednesday,3.7,52,0.0,0.0,0.0,2,6.2,300,1013.9
2025-12-03 14:00:00,2025-12-03,14:00:00,14,Wednesday,4.1,50,0.0,0.0,0.0,0,5.5,306,1013.5
2025-12-03 15:00:00,2025-12-03,15:00:00,15,Wednesday,4.0,50,0.0,0.0,0.0,4,4.0,275,1013.2
2025-12-03 16:00:00,2025-12-03,16:00:00,16,Wednesday,3.1,62,0.0,0.0,0.0,88,1.2,243,1013.3
2025-12-03 17:00:00,2025-12-03,17:00:00,17,Wednesday,1.7,64,0.0,0.0,0.0,23,1.9,197,1013.7
2025-12-03 18:00:00,2025-12-03,18:00:00,18,Wednesday,0.9,68,0.0,0.0,0.0,15,5.5,218,1014.4
2025-12-03 19:00:00,2025-12-03,19:00:00,19,Wednesday,0.4,72,0.0,0.0,0.0,0,5.9,239,1014.7
2025-12-03 20:00:00,2025-12-03,20:00:00,20,Wednesday,-0.1,73,0.0,0.0,0.0,0,5.9,252,1014.4
2025-12-03 21:00:00,2025-12-03,21:00:00,21,Wednesday,-0.4,75,0.0,0.0,0.0,0,5.8,234,1014.4
2025-12-03 22:00:00,2025-12-03,22:00:00,22,Wednesday,-0.4,76,0.0,0.0,0.0,0,6.8,233,1014.3
2025-12-03 23:00:00,2025-12-03,23:00:00,23,Wednesday,-0.7,79,0.0,0.0,0.0,1,6.8,230,1014.1
