datetime,heart_rate,stress_level,body_battery
2025-11-18T05:00:00.000Z,,,
2025-11-18T05:00:00.000Z,,,
2025-11-18T05:01:00.000Z,,,
2025-11-18T05:01:00.000Z,,34,18
2025-11-18T05:02:00.000Z,89,,
2025-11-18T05:02:00.000Z,,61,18
2025-11-18T05:03:00.000Z,99,,
2025-11-18T05:03:00.000Z,,,
2025-11-18T05:03:00.000Z,,65534,18
2025-11-18T05:04:00.000Z,93,,
2025-11-18T05:04:00.000Z,,,
2025-11-18T05:04:00.000Z,,,18
2025-11-18T05:05:00.000Z,78,,
2025-11-18T05:05:00.000Z,,,18
2025-11-18T05:06:00.000Z,77,,
2025-11-18T05:06:00.000Z,,,
2025-11-18T05:06:00.000Z,,22,18
2025-11-18T05:07:00.000Z,73,,
2025-11-18T05:07:00.000Z,,,
2025-11-18T05:07:00.000Z,,23,18
2025-11-18T05:08:00.000Z,74,,
2025-11-18T05:08:00.000Z,,20,18
2025-11-18T05:09:00.000Z,,,
2025-11-18T05:09:00.000Z,,17,18
2025-11-18T05:10:00.000Z,,,
2025-11-18T05:10:00.000Z,,22,18
2025-11-18T05:11:00.000Z,75,,
2025-11-18T05:11:00.000Z,,,
2025-11-18T05:11:00.000Z,,25,18
2025-11-18T05:12:00.000Z,74,,
2025-11-18T05:12:00.000Z,,22,18
2025-11-18T05:13:00.000Z,75,,
2025-11-18T05:13:00.000Z,,,18
2025-11-18T05:14:00.000Z,79,,
2025-11-18T05:14:00.000Z,,22,18
2025-11-18T05:15:00.000Z,74,,
2025-11-18T05:15:00.000Z,,,
2025-11-18T05:15:00.000Z,,15,18
2025-11-18T05:16:00.000Z,73,,
2025-11-18T05:16:00.000Z,,,
2025-11-18T05:16:00.000Z,,21,18
2025-11-18T05:17:00.000Z,74,,
2025-11-18T05:17:00.000Z,,17,18
2025-11-18T05:18:00.000Z,79,,
2025-11-18T05:18:00.000Z,,23,18
2025-11-18T05:19:00.000Z,80,,
2025-11-18T05:19:00.000Z,,31,18
2025-11-18T05:20:00.000Z,79,,
2025-11-18T05:20:00.000Z,,25,18
2025-11-18T05:21:00.000Z,81,,
2025-11-18T05:21:00.000Z,,42,18
2025-11-18T05:22:00.000Z,83,,
2025-11-18T05:22:00.000Z,,,
2025-11-18T05:22:00.000Z,,,
2025-11-18T05:22:00.000Z,,,
2025-11-18T05:22:00.000Z,,41,18
2025-11-18T05:22:00.000Z,,,
2025-11-18T05:22:00.000Z,,,
2025-11-18T05:23:00.000Z,,45,18
2025-11-18T05:24:00.000Z,87,,
2025-11-18T05:24:00.000Z,,40,18
2025-11-18T05:25:00.000Z,,36,18
2025-11-18T05:26:00.000Z,86,,
2025-11-18T05:26:00.000Z,,46,18
2025-11-18T05:27:00.000Z,84,,
2025-11-18T05:27:00.000Z,,28,18
2025-11-18T05:28:00.000Z,87,,
2025-11-18T05:28:00.000Z,,42,18
2025-11-18T05:29:00.000Z,89,,
2025-11-18T05:29:00.000Z,,51,18
2025-11-18T05:30:00.000Z,84,,
2025-11-18T05:30:00.000Z,,57,17
2025-11-18T05:31:00.000Z,,61,17
2025-11-18T05:32:00.000Z,85,,
2025-11-18T05:32:00.000Z,,48,17
2025-11-18T05:33:00.000Z,87,,
2025-11-18T05:33:00.000Z,,63,17
2025-11-18T05:34:00.000Z,,67,17
2025-11-18T05:35:00.000Z,88,,
2025-11-18T05:35:00.000Z,,62,17
2025-11-18T05:36:00.000Z,84,,
2025-11-18T05:36:00.000Z,,55,17
2025-11-18T05:37:00.000Z,80,,
2025-11-18T05:37:00.000Z,,,
2025-11-18T05:37:00.000Z,,36,17
2025-11-18T05:38:00.000Z,,,
2025-11-18T05:38:00.000Z,,36,17
2025-11-18T05:39:00.000Z,,49,17
2025-11-18T05:40:00.000Z,84,,
2025-11-18T05:40:00.000Z,,43,17
2025-11-18T05:41:00.000Z,82,,
2025-11-18T05:41:00.000Z,,30,17
2025-11-18T05:42:00.000Z,78,,
2025-11-18T05:42:00.000Z,,20,17
2025-11-18T05:43:00.000Z,,19,17
2025-11-18T05:44:00.000Z,80,,
2025-11-18T05:44:00.000Z,,36,17
2025-11-18T05:45:00.000Z,,27,17
2025-11-18T05:46:00.000Z,78,,
2025-11-18T05:46:00.000Z,,28,17
2025-11-18T05:47:00.000Z,80,,
2025-11-18T05:47:00.000Z,,30,17
2025-11-18T05:48:00.000Z,82,,
2025-11-18T05:48:00.000Z,,56,17
2025-11-18T05:49:00.000Z,83,,
2025-11-18T05:49:00.000Z,,49,17
2025-11-18T05:50:00.000Z,80,,
2025-11-18T05:50:00.000Z,,30,17
2025-11-18T05:51:00.000Z,81,,
2025-11-18T05:51:00.000Z,,44,17
2025-11-18T05:52:00.000Z,82,,
2025-11-18T05:52:00.000Z,,36,17
2025-11-18T05:53:00.000Z,84,,
2025-11-18T05:53:00.000Z,,45,17
2025-11-18T05:54:00.000Z,,43,17
2025-11-18T05:55:00.000Z,82,,
2025-11-18T05:55:00.000Z,,44,17
2025-11-18T05:56:00.000Z,,49,17
2025-11-18T05:57:00.000Z,83,,
2025-11-18T05:57:00.000Z,,42,17
2025-11-18T05:58:00.000Z,85,,
2025-11-18T05:58:00.000Z,,65,16
2025-11-18T05:59:00.000Z,,67,16
2025-11-18T06:00:00.000Z,,54,16
2025-11-18T06:01:00.000Z,81,,
2025-11-18T06:01:00.000Z,,,
2025-11-18T06:01:00.000Z,,28,16
2025-11-18T06:02:00.000Z,87,,
2025-11-18T06:02:00.000Z,,54,16
2025-11-18T06:03:00.000Z,83,,
2025-11-18T06:03:00.000Z,,40,16
2025-11-18T06:04:00.000Z,82,,
2025-11-18T06:04:00.000Z,,40,16
2025-11-18T06:05:00.000Z,81,,
2025-11-18T06:05:00.000Z,,43,16
2025-11-18T06:06:00.000Z,80,,
2025-11-18T06:06:00.000Z,,42,16
2025-11-18T06:07:00.000Z,82,,
2025-11-18T06:07:00.000Z,,33,16
2025-11-18T06:08:00.000Z,78,,
2025-11-18T06:08:00.000Z,,21,16
2025-11-18T06:09:00.000Z,77,,
2025-11-18T06:09:00.000Z,,24,16
2025-11-18T06:10:00.000Z,79,,
2025-11-18T06:10:00.000Z,,29,16
2025-11-18T06:11:00.000Z,,29,16
2025-11-18T06:12:00.000Z,83,,
2025-11-18T06:12:00.000Z,,42,16
2025-11-18T06:13:00.000Z,80,,
2025-11-18T06:13:00.000Z,,42,16
2025-11-18T06:14:00.000Z,79,,
2025-11-18T06:14:00.000Z,,39,16
2025-11-18T06:15:00.000Z,,27,16
2025-11-18T06:16:00.000Z,78,,
2025-11-18T06:16:00.000Z,,38,16
2025-11-18T06:17:00.000Z,79,,
2025-11-18T06:17:00.000Z,,31,16
2025-11-18T06:18:00.000Z,78,,
2025-11-18T06:18:00.000Z,,25,16
2025-11-18T06:19:00.000Z,79,,
2025-11-18T06:19:00.000Z,,39,16
2025-11-18T06:20:00.000Z,80,,
2025-11-18T06:20:00.000Z,,36,16
2025-11-18T06:21:00.000Z,78,,
2025-11-18T06:21:00.000Z,,33,16
2025-11-18T06:22:00.000Z,80,,
2025-11-18T06:22:00.000Z,,,
2025-11-18T06:22:00.000Z,,42,16
2025-11-18T06:23:00.000Z,83,,
2025-11-18T06:23:00.000Z,,,
2025-11-18T06:23:00.000Z,,51,16
2025-11-18T06:24:00.000Z,81,,
2025-11-18T06:24:00.000Z,,44,16
2025-11-18T06:25:00.000Z,80,,
2025-11-18T06:25:00.000Z,,28,16
2025-11-18T06:26:00.000Z,81,,
2025-11-18T06:26:00.000Z,,35,16
2025-11-18T06:27:00.000Z,83,,
2025-11-18T06:27:00.000Z,,31,16
2025-11-18T06:28:00.000Z,81,,
2025-11-18T06:28:00.000Z,,27,16
2025-11-18T06:29:00.000Z,84,,
2025-11-18T06:29:00.000Z,,32,16
2025-11-18T06:30:00.000Z,83,,
2025-11-18T06:30:00.000Z,,39,15
2025-11-18T06:31:00.000Z,85,,
2025-11-18T06:31:00.000Z,,30,15
2025-11-18T06:32:00.000Z,87,,
2025-11-18T06:32:00.000Z,,55,15
2025-11-18T06:33:00.000Z,89,,
2025-11-18T06:33:00.000Z,,36,15
2025-11-18T06:34:00.000Z,79,,
2025-11-18T06:34:00.000Z,,36,15
2025-11-18T06:35:00.000Z,84,,
2025-11-18T06:35:00.000Z,,48,15
2025-11-18T06:36:00.000Z,79,,
2025-11-18T06:36:00.000Z,,30,15
2025-11-18T06:37:00.000Z,,33,15
2025-11-18T06:38:00.000Z,78,,
2025-11-18T06:38:00.000Z,,33,15
2025-11-18T06:39:00.000Z,80,,
2025-11-18T06:39:00.000Z,,38,15
2025-11-18T06:40:00.000Z,85,,
2025-11-18T06:40:00.000Z,,34,15
2025-11-18T06:41:00.000Z,79,,
2025-11-18T06:41:00.000Z,,21,15
2025-11-18T06:42:00.000Z,76,,
2025-11-18T06:42:00.000Z,,24,15
2025-11-18T06:43:00.000Z,77,,
2025-11-18T06:43:00.000Z,,,
2025-11-18T06:43:00.000Z,,23,15
2025-11-18T06:44:00.000Z,81,,
2025-11-18T06:44:00.000Z,,65534,15
2025-11-18T06:45:00.000Z,97,,
2025-11-18T06:45:00.000Z,,,
2025-11-18T06:45:00.000Z,,65534,15
2025-11-18T06:46:00.000Z,92,,
2025-11-18T06:46:00.000Z,,,
2025-11-18T06:46:00.000Z,,65534,15
2025-11-18T06:47:00.000Z,82,,
2025-11-18T06:47:00.000Z,,,
2025-11-18T06:47:00.000Z,,55,15
2025-11-18T06:48:00.000Z,80,,
2025-11-18T06:48:00.000Z,,65534,15
2025-11-18T06:49:00.000Z,87,,
2025-11-18T06:49:00.000Z,,,
2025-11-18T06:49:00.000Z,,65534,15
2025-11-18T06:50:00.000Z,,44,15
2025-11-18T06:51:00.000Z,84,,
2025-11-18T06:51:00.000Z,,33,15
2025-11-18T06:52:00.000Z,85,,
2025-11-18T06:52:00.000Z,,,
2025-11-18T06:52:00.000Z,,36,15
2025-11-18T06:53:00.000Z,90,,
2025-11-18T06:53:00.000Z,,,
2025-11-18T06:53:00.000Z,,72,15
2025-11-18T06:54:00.000Z,91,,
2025-11-18T06:54:00.000Z,,,
2025-11-18T06:54:00.000Z,,72,14
2025-11-18T06:55:00.000Z,87,,
2025-11-18T06:55:00.000Z,,65534,14
2025-11-18T06:56:00.000Z,100,,
2025-11-18T06:56:00.000Z,,65534,14
2025-11-18T06:57:00.000Z,91,,
2025-11-18T06:57:00.000Z,,,
2025-11-18T06:57:00.000Z,,61,14
2025-11-18T06:58:00.000Z,92,,
2025-11-18T06:58:00.000Z,,55,14
2025-11-18T06:59:00.000Z,87,,
2025-11-18T06:59:00.000Z,,,
2025-11-18T06:59:00.000Z,,65534,14
2025-11-18T07:00:00.000Z,,,
2025-11-18T07:00:00.000Z,,65534,14
2025-11-18T07:01:00.000Z,88,,
2025-11-18T07:01:00.000Z,,,
2025-11-18T07:01:00.000Z,,65534,14
2025-11-18T07:02:00.000Z,79,,
2025-11-18T07:02:00.000Z,,27,14
2025-11-18T07:03:00.000Z,87,,
2025-11-18T07:03:00.000Z,,65534,14
2025-11-18T07:04:00.000Z,90,,
2025-11-18T07:04:00.000Z,,65534,14
2025-11-18T07:05:00.000Z,88,,
2025-11-18T07:05:00.000Z,,,
2025-11-18T07:05:00.000Z,,65534,14
2025-11-18T07:06:00.000Z,93,,
2025-11-18T07:06:00.000Z,,,
2025-11-18T07:06:00.000Z,,65534,14
2025-11-18T07:07:00.000Z,95,,
2025-11-18T07:07:00.000Z,,65534,14
2025-11-18T07:08:00.000Z,92,,
2025-11-18T07:08:00.000Z,,65534,14
2025-11-18T07:09:00.000Z,84,,
2025-11-18T07:09:00.000Z,,,
2025-11-18T07:09:00.000Z,,65534,14
2025-11-18T07:10:00.000Z,79,,
2025-11-18T07:10:00.000Z,,36,14
2025-11-18T07:11:00.000Z,73,,
2025-11-18T07:11:00.000Z,,21,14
2025-11-18T07:12:00.000Z,74,,
2025-11-18T07:12:00.000Z,,25,14
2025-11-18T07:13:00.000Z,73,,
2025-11-18T07:13:00.000Z,,20,14
2025-11-18T07:14:00.000Z,74,,
2025-11-18T07:14:00.000Z,,17,14
2025-11-18T07:15:00.000Z,73,,
2025-11-18T07:15:00.000Z,,27,14
2025-11-18T07:16:00.000Z,,,
2025-11-18T07:16:00.000Z,,30,14
2025-11-18T07:17:00.000Z,71,,
2025-11-18T07:17:00.000Z,,,
2025-11-18T07:17:00.000Z,,24,14
2025-11-18T07:18:00.000Z,73,,
2025-11-18T07:18:00.000Z,,31,14
2025-11-18T07:19:00.000Z,77,,
2025-11-18T07:19:00.000Z,,24,14
2025-11-18T07:20:00.000Z,78,,
2025-11-18T07:20:00.000Z,,,
2025-11-18T07:20:00.000Z,,27,14
2025-11-18T07:21:00.000Z,93,,
2025-11-18T07:21:00.000Z,,,
2025-11-18T07:21:00.000Z,,65534,13
2025-11-18T07:22:00.000Z,96,,
2025-11-18T07:22:00.000Z,,65,13
2025-11-18T07:23:00.000Z,82,,
2025-11-18T07:23:00.000Z,,33,13
2025-11-18T07:24:00.000Z,77,,
2025-11-18T07:24:00.000Z,,23,13
2025-11-18T07:25:00.000Z,73,,
2025-11-18T07:25:00.000Z,,,
2025-11-18T07:25:00.000Z,,20,13
2025-11-18T07:26:00.000Z,72,,
2025-11-18T07:26:00.000Z,,20,13
2025-11-18T07:27:00.000Z,73,,
2025-11-18T07:27:00.000Z,,24,13
2025-11-18T07:28:00.000Z,72,,
2025-11-18T07:28:00.000Z,,26,13
2025-11-18T07:29:00.000Z,73,,
2025-11-18T07:29:00.000Z,,22,13
2025-11-18T07:30:00.000Z,,19,13
2025-11-18T07:31:00.000Z,72,,
2025-11-18T07:31:00.000Z,,22,13
2025-11-18T07:32:00.000Z,73,,
2025-11-18T07:32:00.000Z,,24,13
2025-11-18T07:33:00.000Z,,,
2025-11-18T07:33:00.000Z,,27,13
2025-11-18T07:34:00.000Z,72,,
2025-11-18T07:34:00.000Z,,21,13
2025-11-18T07:35:00.000Z,74,,
2025-11-18T07:35:00.000Z,,,
2025-11-18T07:35:00.000Z,,18,13
2025-11-18T07:36:00.000Z,76,,
2025-11-18T07:36:00.000Z,,21,13
2025-11-18T07:37:00.000Z,75,,
2025-11-18T07:37:00.000Z,,21,13
2025-11-18T07:38:00.000Z,74,,
2025-11-18T07:38:00.000Z,,,
2025-11-18T07:38:00.000Z,,21,13
2025-11-18T07:39:00.000Z,,21,13
2025-11-18T07:40:00.000Z,75,,
2025-11-18T07:40:00.000Z,,21,13
2025-11-18T07:41:00.000Z,79,,
2025-11-18T07:41:00.000Z,,,
2025-11-18T07:41:00.000Z,,23,13
2025-11-18T07:42:00.000Z,72,,
2025-11-18T07:42:00.000Z,,15,13
2025-11-18T07:43:00.000Z,70,,
2025-11-18T07:43:00.000Z,,13,13
2025-11-18T07:44:00.000Z,71,,
2025-11-18T07:44:00.000Z,,15,13
2025-11-18T07:45:00.000Z,72,,
2025-11-18T07:45:00.000Z,,14,13
2025-11-18T07:46:00.000Z,74,,
2025-11-18T07:46:00.000Z,,18,13
2025-11-18T07:47:00.000Z,73,,
2025-11-18T07:47:00.000Z,,14,13
2025-11-18T07:48:00.000Z,,15,13
2025-11-18T07:49:00.000Z,,15,13
2025-11-18T07:50:00.000Z,,15,13
2025-11-18T07:51:00.000Z,74,,
2025-11-18T07:51:00.000Z,,16,13
2025-11-18T07:52:00.000Z,72,,
2025-11-18T07:52:00.000Z,,14,13
2025-11-18T07:53:00.000Z,74,,
2025-11-18T07:53:00.000Z,,16,13
2025-11-18T07:54:00.000Z,72,,
2025-11-18T07:54:00.000Z,,,
2025-11-18T07:54:00.000Z,,16,13
2025-11-18T07:55:00.000Z,73,,
2025-11-18T07:55:00.000Z,,,
2025-11-18T07:55:00.000Z,,15,15
2025-11-18T07:56:00.000Z,,,
2025-11-18T07:56:00.000Z,,21,15
2025-11-18T07:57:00.000Z,76,,
2025-11-18T07:57:00.000Z,,21,15
2025-11-18T07:58:00.000Z,73,,
2025-11-18T07:58:00.000Z,,19,15
2025-11-18T07:59:00.000Z,,,
2025-11-18T07:59:00.000Z,,21,15
2025-11-18T08:00:00.000Z,72,,
2025-11-18T08:00:00.000Z,,,
2025-11-18T08:00:00.000Z,,19,15
2025-11-18T08:01:00.000Z,71,,
2025-11-18T08:01:00.000Z,,19,15
2025-11-18T08:02:00.000Z,70,,
2025-11-18T08:02:00.000Z,,,
2025-11-18T08:02:00.000Z,,17,15
2025-11-18T08:03:00.000Z,75,,
2025-11-18T08:03:00.000Z,,23,15
2025-11-18T08:04:00.000Z,72,,
2025-11-18T08:04:00.000Z,,22,15
2025-11-18T08:05:00.000Z,71,,
2025-11-18T08:05:00.000Z,,18,15
2025-11-18T08:06:00.000Z,69,,
2025-11-18T08:06:00.000Z,,21,15
2025-11-18T08:07:00.000Z,71,,
2025-11-18T08:07:00.000Z,,18,15
2025-11-18T08:08:00.000Z,70,,
2025-11-18T08:08:00.000Z,,,
2025-11-18T08:08:00.000Z,,24,15
2025-11-18T08:09:00.000Z,81,,
2025-11-18T08:09:00.000Z,,,
2025-11-18T08:09:00.000Z,,65534,15
2025-11-18T08:10:00.000Z,75,,
2025-11-18T08:10:00.000Z,,,
2025-11-18T08:10:00.000Z,,23,15
2025-11-18T08:11:00.000Z,81,,
2025-11-18T08:11:00.000Z,,,
2025-11-18T08:11:00.000Z,,65534,15
2025-11-18T08:12:00.000Z,80,,
2025-11-18T08:12:00.000Z,,,
2025-11-18T08:12:00.000Z,,,
2025-11-18T08:12:00.000Z,,,
2025-11-18T08:12:00.000Z,,,
2025-11-18T08:12:00.000Z,,31,15
2025-11-18T08:12:00.000Z,,,
2025-11-18T08:12:00.000Z,,,
2025-11-18T08:12:00.000Z,,,
2025-11-18T08:13:00.000Z,75,,
2025-11-18T08:13:00.000Z,,30,15
2025-11-18T08:14:00.000Z,74,,
2025-11-18T08:14:00.000Z,,,
2025-11-18T08:14:00.000Z,,30,15
2025-11-18T08:15:00.000Z,79,,
2025-11-18T08:15:00.000Z,,,
2025-11-18T08:15:00.000Z,,65534,15
2025-11-18T08:16:00.000Z,89,,
2025-11-18T08:16:00.000Z,,,
2025-11-18T08:16:00.000Z,,65534,15
2025-11-18T08:17:00.000Z,85,,
2025-11-18T08:17:00.000Z,,65534,15
2025-11-18T08:18:00.000Z,83,,
2025-11-18T08:18:00.000Z,,65534,15
2025-11-18T08:19:00.000Z,74,,
2025-11-18T08:19:00.000Z,,,
2025-11-18T08:19:00.000Z,,22,15
2025-11-18T08:20:00.000Z,68,,
2025-11-18T08:20:00.000Z,,20,15
2025-11-18T08:21:00.000Z,,25,15
2025-11-18T08:22:00.000Z,67,,
2025-11-18T08:22:00.000Z,,,
2025-11-18T08:22:00.000Z,,20,15
2025-11-18T08:23:00.000Z,,21,15
2025-11-18T08:24:00.000Z,74,,
2025-11-18T08:24:00.000Z,,18,15
2025-11-18T08:25:00.000Z,69,,
2025-11-18T08:25:00.000Z,,15,15
2025-11-18T08:26:00.000Z,67,,
2025-11-18T08:26:00.000Z,,,
2025-11-18T08:26:00.000Z,,12,15
2025-11-18T08:27:00.000Z,62,,
2025-11-18T08:27:00.000Z,,7,15
2025-11-18T08:28:00.000Z,63,,
2025-11-18T08:28:00.000Z,,,
2025-11-18T08:28:00.000Z,,8,15
2025-11-18T08:29:00.000Z,67,,
2025-11-18T08:29:00.000Z,,,
2025-11-18T08:29:00.000Z,,14,15
2025-11-18T08:30:00.000Z,,,
2025-11-18T08:30:00.000Z,,16,15
2025-11-18T08:31:00.000Z,70,,
2025-11-18T08:31:00.000Z,,,
2025-11-18T08:31:00.000Z,,65534,15
2025-11-18T08:32:00.000Z,82,,
2025-11-18T08:32:00.000Z,,36,15
2025-11-18T08:33:00.000Z,79,,
2025-11-18T08:33:00.000Z,,30,15
2025-11-18T08:34:00.000Z,,40,15
2025-11-18T08:35:00.000Z,88,,
2025-11-18T08:35:00.000Z,,42,15
2025-11-18T08:36:00.000Z,74,,
2025-11-18T08:36:00.000Z,,20,15
2025-11-18T08:37:00.000Z,67,,
2025-11-18T08:37:00.000Z,,17,15
2025-11-18T08:38:00.000Z,64,,
2025-11-18T08:38:00.000Z,,9,15
2025-11-18T08:39:00.000Z,66,,
2025-11-18T08:39:00.000Z,,,
2025-11-18T08:39:00.000Z,,18,15
2025-11-18T08:40:00.000Z,65,,
2025-11-18T08:40:00.000Z,,17,15
2025-11-18T08:41:00.000Z,63,,
2025-11-18T08:41:00.000Z,,,
2025-11-18T08:41:00.000Z,,6,15
2025-11-18T08:42:00.000Z,65,,
2025-11-18T08:42:00.000Z,,,
2025-11-18T08:42:00.000Z,,7,15
2025-11-18T08:43:00.000Z,66,,
2025-11-18T08:43:00.000Z,,15,15
2025-11-18T08:44:00.000Z,64,,
2025-11-18T08:44:00.000Z,,9,15
2025-11-18T08:45:00.000Z,65,,
2025-11-18T08:45:00.000Z,,8,15
2025-11-18T08:46:00.000Z,64,,
2025-11-18T08:46:00.000Z,,8,15
2025-11-18T08:47:00.000Z,65,,
2025-11-18T08:47:00.000Z,,,
2025-11-18T08:47:00.000Z,,9,15
2025-11-18T08:48:00.000Z,63,,
2025-11-18T08:48:00.000Z,,,
2025-11-18T08:48:00.000Z,,6,15
2025-11-18T08:49:00.000Z,,3,15
2025-11-18T08:50:00.000Z,64,,
2025-11-18T08:50:00.000Z,,5,16
2025-11-18T08:51:00.000Z,,6,16
2025-11-18T08:52:00.000Z,65,,
2025-11-18T08:52:00.000Z,,10,16
2025-11-18T08:53:00.000Z,66,,
2025-11-18T08:53:00.000Z,,7,16
2025-11-18T08:54:00.000Z,,6,17
2025-11-18T08:55:00.000Z,67,,
2025-11-18T08:55:00.000Z,,10,17
2025-11-18T08:56:00.000Z,,9,17
2025-11-18T08:57:00.000Z,68,,
2025-11-18T08:57:00.000Z,,7,17
2025-11-18T08:58:00.000Z,,11,17
2025-11-18T08:59:00.000Z,,10,17
2025-11-18T09:00:00.000Z,69,,
2025-11-18T09:00:00.000Z,,15,17
2025-11-18T09:01:00.000Z,,9,17
2025-11-18T09:02:00.000Z,,,
2025-11-18T09:02:00.000Z,,11,17
2025-11-18T09:03:00.000Z,,8,17
2025-11-18T09:04:00.000Z,70,,
2025-11-18T09:04:00.000Z,,10,17
2025-11-18T09:05:00.000Z,,10,18
2025-11-18T09:06:00.000Z,69,,
2025-11-18T09:06:00.000Z,,13,18
2025-11-18T09:07:00.000Z,,9,18
2025-11-18T09:08:00.000Z,,9,18
2025-11-18T09:09:00.000Z,,8,18
2025-11-18T09:10:00.000Z,68,,
2025-11-18T09:10:00.000Z,,8,19
2025-11-18T09:11:00.000Z,69,,
2025-11-18T09:11:00.000Z,,8,19
2025-11-18T09:12:00.000Z,,10,19
2025-11-18T09:13:00.000Z,,9,19
2025-11-18T09:14:00.000Z,,9,19
2025-11-18T09:15:00.000Z,,9,19
2025-11-18T09:16:00.000Z,,14,19
2025-11-18T09:17:00.000Z,,10,19
2025-11-18T09:18:00.000Z,68,,
2025-11-18T09:18:00.000Z,,9,19
2025-11-18T09:19:00.000Z,70,,
2025-11-18T09:19:00.000Z,,10,19
2025-11-18T09:20:00.000Z,,9,20
2025-11-18T09:21:00.000Z,,10,20
2025-11-18T09:22:00.000Z,69,,
2025-11-18T09:22:00.000Z,,8,21
2025-11-18T09:23:00.000Z,,13,21
2025-11-18T09:24:00.000Z,68,,
2025-11-18T09:24:00.000Z,,8,21
2025-11-18T09:25:00.000Z,69,,
2025-11-18T09:25:00.000Z,,9,21
2025-11-18T09:26:00.000Z,70,,
2025-11-18T09:26:00.000Z,,17,21
2025-11-18T09:27:00.000Z,81,,
2025-11-18T09:27:00.000Z,,39,21
2025-11-18T09:28:00.000Z,74,,
2025-11-18T09:28:00.000Z,,19,21
2025-11-18T09:29:00.000Z,81,,
2025-11-18T09:29:00.000Z,,40,21
2025-11-18T09:30:00.000Z,77,,
2025-11-18T09:30:00.000Z,,13,21
2025-11-18T09:31:00.000Z,74,,
2025-11-18T09:31:00.000Z,,16,22
2025-11-18T09:32:00.000Z,75,,
2025-11-18T09:32:00.000Z,,12,22
2025-11-18T09:33:00.000Z,72,,
2025-11-18T09:33:00.000Z,,10,22
2025-11-18T09:34:00.000Z,76,,
2025-11-18T09:34:00.000Z,,24,22
2025-11-18T09:35:00.000Z,75,,
2025-11-18T09:35:00.000Z,,16,22
2025-11-18T09:36:00.000Z,74,,
2025-11-18T09:36:00.000Z,,13,22
2025-11-18T09:37:00.000Z,72,,
2025-11-18T09:37:00.000Z,,10,22
2025-11-18T09:38:00.000Z,71,,
2025-11-18T09:38:00.000Z,,9,23
2025-11-18T09:39:00.000Z,72,,
2025-11-18T09:39:00.000Z,,21,23
2025-11-18T09:40:00.000Z,,12,23
2025-11-18T09:41:00.000Z,,11,23
2025-11-18T09:42:00.000Z,70,,
2025-11-18T09:42:00.000Z,,10,23
2025-11-18T09:43:00.000Z,,10,23
2025-11-18T09:44:00.000Z,,13,23
2025-11-18T09:45:00.000Z,71,,
2025-11-18T09:45:00.000Z,,,
2025-11-18T09:45:00.000Z,,10,23
2025-11-18T09:46:00.000Z,73,,
2025-11-18T09:46:00.000Z,,,
2025-11-18T09:46:00.000Z,,14,24
2025-11-18T09:47:00.000Z,80,,
2025-11-18T09:47:00.000Z,,8,24
2025-11-18T09:48:00.000Z,69,,
2025-11-18T09:48:00.000Z,,6,24
2025-11-18T09:49:00.000Z,65,,
2025-11-18T09:49:00.000Z,,12,24
2025-11-18T09:50:00.000Z,66,,
2025-11-18T09:50:00.000Z,,16,24
2025-11-18T09:51:00.000Z,,16,24
2025-11-18T09:52:00.000Z,65,,
2025-11-18T09:52:00.000Z,,13,25
2025-11-18T09:53:00.000Z,66,,
2025-11-18T09:53:00.000Z,,14,25
2025-11-18T09:54:00.000Z,65,,
2025-11-18T09:54:00.000Z,,13,25
2025-11-18T09:55:00.000Z,,13,25
2025-11-18T09:56:00.000Z,,17,25
2025-11-18T09:57:00.000Z,66,,
2025-11-18T09:57:00.000Z,,17,25
2025-11-18T09:58:00.000Z,,18,26
2025-11-18T09:59:00.000Z,,16,26
2025-11-18T10:00:00.000Z,,,
2025-11-18T10:00:00.000Z,,15,26
2025-11-18T10:01:00.000Z,,18,26
2025-11-18T10:02:00.000Z,67,,
2025-11-18T10:02:00.000Z,,,
2025-11-18T10:02:00.000Z,,11,26
2025-11-18T10:03:00.000Z,65,,
2025-11-18T10:03:00.000Z,,7,27
2025-11-18T10:04:00.000Z,,,
2025-11-18T10:04:00.000Z,,8,27
2025-11-18T10:05:00.000Z,,6,27
2025-11-18T10:06:00.000Z,,10,27
2025-11-18T10:07:00.000Z,,9,28
2025-11-18T10:08:00.000Z,66,,
2025-11-18T10:08:00.000Z,,14,28
2025-11-18T10:09:00.000Z,,15,28
2025-11-18T10:10:00.000Z,65,,
2025-11-18T10:10:00.000Z,,12,28
2025-11-18T10:11:00.000Z,66,,
2025-11-18T10:11:00.000Z,,15,28
2025-11-18T10:12:00.000Z,,13,28
2025-11-18T10:13:00.000Z,65,,
2025-11-18T10:13:00.000Z,,11,29
2025-11-18T10:14:00.000Z,,7,29
2025-11-18T10:15:00.000Z,,5,29
2025-11-18T10:16:00.000Z,,6,30
2025-11-18T10:17:00.000Z,,5,30
2025-11-18T10:18:00.000Z,,6,30
2025-11-18T10:19:00.000Z,,7,30
2025-11-18T10:20:00.000Z,,8,30
2025-11-18T10:21:00.000Z,,10,30
2025-11-18T10:22:00.000Z,,6,31
2025-11-18T10:23:00.000Z,,9,31
2025-11-18T10:24:00.000Z,64,,
2025-11-18T10:24:00.000Z,,4,31
2025-11-18T10:25:00.000Z,,6,32
2025-11-18T10:26:00.000Z,,8,32
2025-11-18T10:27:00.000Z,65,,
2025-11-18T10:27:00.000Z,,7,32
2025-11-18T10:28:00.000Z,64,,
2025-11-18T10:28:00.000Z,,6,33
2025-11-18T10:29:00.000Z,65,,
2025-11-18T10:29:00.000Z,,6,33
2025-11-18T10:30:00.000Z,,8,33
2025-11-18T10:31:00.000Z,,7,34
2025-11-18T10:32:00.000Z,66,,
2025-11-18T10:32:00.000Z,,6,34
2025-11-18T10:33:00.000Z,65,,
2025-11-18T10:33:00.000Z,,9,34
2025-11-18T10:34:00.000Z,,9,34
2025-11-18T10:35:00.000Z,,9,34
2025-11-18T10:36:00.000Z,,6,35
2025-11-18T10:37:00.000Z,,,
2025-11-18T10:37:00.000Z,,6,35
2025-11-18T10:38:00.000Z,68,,
2025-11-18T10:38:00.000Z,,,
2025-11-18T10:38:00.000Z,,9,36
2025-11-18T10:39:00.000Z,64,,
2025-11-18T10:39:00.000Z,,6,36
2025-11-18T10:40:00.000Z,63,,
2025-11-18T10:40:00.000Z,,,
2025-11-18T10:40:00.000Z,,1,36
2025-11-18T10:41:00.000Z,62,,
2025-11-18T10:41:00.000Z,,,
2025-11-18T10:41:00.000Z,,7,36
2025-11-18T10:42:00.000Z,,7,36
2025-11-18T10:43:00.000Z,63,,
2025-11-18T10:43:00.000Z,,14,37
2025-11-18T10:44:00.000Z,64,,
2025-11-18T10:44:00.000Z,,17,37
2025-11-18T10:45:00.000Z,67,,
2025-11-18T10:45:00.000Z,,20,37
2025-11-18T10:46:00.000Z,69,,
2025-11-18T10:46:00.000Z,,23,37
2025-11-18T10:47:00.000Z,68,,
2025-11-18T10:47:00.000Z,,23,37
2025-11-18T10:48:00.000Z,67,,
2025-11-18T10:48:00.000Z,,17,38
2025-11-18T10:49:00.000Z,66,,
2025-11-18T10:49:00.000Z,,18,38
2025-11-18T10:50:00.000Z,68,,
2025-11-18T10:50:00.000Z,,21,38
2025-11-18T10:51:00.000Z,,20,38
2025-11-18T10:52:00.000Z,69,,
2025-11-18T10:52:00.000Z,,23,38
2025-11-18T10:53:00.000Z,68,,
2025-11-18T10:53:00.000Z,,21,38
2025-11-18T10:54:00.000Z,67,,
2025-11-18T10:54:00.000Z,,17,38
2025-11-18T10:55:00.000Z,,16,39
2025-11-18T10:56:00.000Z,,14,39
2025-11-18T10:57:00.000Z,66,,
2025-11-18T10:57:00.000Z,,15,39
2025-11-18T10:58:00.000Z,65,,
2025-11-18T10:58:00.000Z,,15,40
2025-11-18T10:59:00.000Z,66,,
2025-11-18T10:59:00.000Z,,10,40
2025-11-18T11:00:00.000Z,65,,
2025-11-18T11:00:00.000Z,,15,40
2025-11-18T11:01:00.000Z,66,,
2025-11-18T11:01:00.000Z,,15,40
2025-11-18T11:02:00.000Z,67,,
2025-11-18T11:02:00.000Z,,,
2025-11-18T11:02:00.000Z,,19,40
2025-11-18T11:03:00.000Z,,16,40
2025-11-18T11:04:00.000Z,66,,
2025-11-18T11:04:00.000Z,,,
2025-11-18T11:04:00.000Z,,20,40
2025-11-18T11:05:00.000Z,71,,
2025-11-18T11:05:00.000Z,,,
2025-11-18T11:05:00.000Z,,18,41
2025-11-18T11:06:00.000Z,67,,
2025-11-18T11:06:00.000Z,,7,41
2025-11-18T11:07:00.000Z,65,,
2025-11-18T11:07:00.000Z,,14,41
2025-11-18T11:08:00.000Z,,14,41
2025-11-18T11:09:00.000Z,,16,41
2025-11-18T11:10:00.000Z,,16,42
2025-11-18T11:11:00.000Z,,16,42
2025-11-18T11:12:00.000Z,66,,
2025-11-18T11:12:00.000Z,,15,42
2025-11-18T11:13:00.000Z,65,,
2025-11-18T11:13:00.000Z,,15,42
2025-11-18T11:14:00.000Z,,12,43
2025-11-18T11:15:00.000Z,,15,43
2025-11-18T11:16:00.000Z,,11,43
2025-11-18T11:17:00.000Z,,,
2025-11-18T11:17:00.000Z,,14,43
2025-11-18T11:18:00.000Z,,10,44
2025-11-18T11:19:00.000Z,66,,
2025-11-18T11:19:00.000Z,,10,44
2025-11-18T11:20:00.000Z,,,
2025-11-18T11:20:00.000Z,,8,44
2025-11-18T11:21:00.000Z,64,,
2025-11-18T11:21:00.000Z,,6,45
2025-11-18T11:22:00.000Z,63,,
2025-11-18T11:22:00.000Z,,,
2025-11-18T11:22:00.000Z,,8,45
2025-11-18T11:23:00.000Z,65,,
2025-11-18T11:23:00.000Z,,,
2025-11-18T11:23:00.000Z,,13,45
2025-11-18T11:24:00.000Z,66,,
2025-11-18T11:24:00.000Z,,10,45
2025-11-18T11:25:00.000Z,65,,
2025-11-18T11:25:00.000Z,,22,45
2025-11-18T11:26:00.000Z,,22,45
2025-11-18T11:27:00.000Z,,21,45
2025-11-18T11:28:00.000Z,66,,
2025-11-18T11:28:00.000Z,,20,46
2025-11-18T11:29:00.000Z,,16,46
2025-11-18T11:30:00.000Z,,19,46
2025-11-18T11:31:00.000Z,,19,47
2025-11-18T11:32:00.000Z,,16,47
2025-11-18T11:33:00.000Z,,,
2025-11-18T11:33:00.000Z,,19,47
2025-11-18T11:34:00.000Z,,14,48
2025-11-18T11:35:00.000Z,69,,
2025-11-18T11:35:00.000Z,,,
2025-11-18T11:35:00.000Z,,7,48
2025-11-18T11:36:00.000Z,65,,
2025-11-18T11:36:00.000Z,,8,48
2025-11-18T11:37:00.000Z,66,,
2025-11-18T11:37:00.000Z,,13,48
2025-11-18T11:38:00.000Z,67,,
2025-11-18T11:38:00.000Z,,13,48
2025-11-18T11:39:00.000Z,66,,
2025-11-18T11:39:00.000Z,,17,48
2025-11-18T11:40:00.000Z,,13,49
2025-11-18T11:41:00.000Z,65,,
2025-11-18T11:41:00.000Z,,11,49
2025-11-18T11:42:00.000Z,,12,49
2025-11-18T11:43:00.000Z,66,,
2025-11-18T11:43:00.000Z,,15,50
2025-11-18T11:44:00.000Z,65,,
2025-11-18T11:44:00.000Z,,12,50
2025-11-18T11:45:00.000Z,,,
2025-11-18T11:45:00.000Z,,6,50
2025-11-18T11:46:00.000Z,,15,50
2025-11-18T11:47:00.000Z,67,,
2025-11-18T11:47:00.000Z,,,
2025-11-18T11:47:00.000Z,,5,50
2025-11-18T11:48:00.000Z,66,,
2025-11-18T11:48:00.000Z,,4,52
2025-11-18T11:49:00.000Z,67,,
2025-11-18T11:49:00.000Z,,9,52
2025-11-18T11:50:00.000Z,66,,
2025-11-18T11:50:00.000Z,,7,52
2025-11-18T11:51:00.000Z,67,,
2025-11-18T11:51:00.000Z,,10,52
2025-11-18T11:52:00.000Z,68,,
2025-11-18T11:52:00.000Z,,11,52
2025-11-18T11:53:00.000Z,66,,
2025-11-18T11:53:00.000Z,,7,53
2025-11-18T11:54:00.000Z,69,,
2025-11-18T11:54:00.000Z,,13,53
2025-11-18T11:55:00.000Z,,13,53
2025-11-18T11:56:00.000Z,68,,
2025-11-18T11:56:00.000Z,,10,53
2025-11-18T11:57:00.000Z,,11,53
2025-11-18T11:58:00.000Z,67,,
2025-11-18T11:58:00.000Z,,12,53
2025-11-18T11:59:00.000Z,69,,
2025-11-18T11:59:00.000Z,,9,53
2025-11-18T12:00:00.000Z,70,,
2025-11-18T12:00:00.000Z,,12,53
2025-11-18T12:01:00.000Z,69,,
2025-11-18T12:01:00.000Z,,9,54
2025-11-18T12:02:00.000Z,,16,54
2025-11-18T12:03:00.000Z,71,,
2025-11-18T12:03:00.000Z,,,
2025-11-18T12:03:00.000Z,,16,54
2025-11-18T12:04:00.000Z,74,,
2025-11-18T12:04:00.000Z,,,
2025-11-18T12:04:00.000Z,,17,54
2025-11-18T12:05:00.000Z,70,,
2025-11-18T12:05:00.000Z,,8,54
2025-11-18T12:06:00.000Z,68,,
2025-11-18T12:06:00.000Z,,6,54
2025-11-18T12:07:00.000Z,,8,55
2025-11-18T12:08:00.000Z,67,,
2025-11-18T12:08:00.000Z,,9,55
2025-11-18T12:09:00.000Z,68,,
2025-11-18T12:09:00.000Z,,10,55
2025-11-18T12:10:00.000Z,,10,56
2025-11-18T12:11:00.000Z,69,,
2025-11-18T12:11:00.000Z,,,
2025-11-18T12:11:00.000Z,,9,56
2025-11-18T12:12:00.000Z,,9,56
2025-11-18T12:13:00.000Z,71,,
2025-11-18T12:13:00.000Z,,,
2025-11-18T12:13:00.000Z,,16,56
2025-11-18T12:14:00.000Z,66,,
2025-11-18T12:14:00.000Z,,9,56
2025-11-18T12:15:00.000Z,,5,57
2025-11-18T12:16:00.000Z,,7,57
2025-11-18T12:17:00.000Z,65,,
2025-11-18T12:17:00.000Z,,3,57
2025-11-18T12:18:00.000Z,,6,57
2025-11-18T12:19:00.000Z,67,,
2025-11-18T12:19:00.000Z,,9,57
2025-11-18T12:20:00.000Z,64,,
2025-11-18T12:20:00.000Z,,,
2025-11-18T12:20:00.000Z,,7,57
2025-11-18T12:21:00.000Z,72,,
2025-11-18T12:21:00.000Z,,,
2025-11-18T12:21:00.000Z,,15,58
2025-11-18T12:22:00.000Z,68,,
2025-11-18T12:22:00.000Z,,8,58
2025-11-18T12:23:00.000Z,66,,
2025-11-18T12:23:00.000Z,,7,58
2025-11-18T12:24:00.000Z,68,,
2025-11-18T12:24:00.000Z,,,
2025-11-18T12:24:00.000Z,,12,58
2025-11-18T12:25:00.000Z,70,,
2025-11-18T12:25:00.000Z,,,
2025-11-18T12:25:00.000Z,,15,59
2025-11-18T12:26:00.000Z,72,,
2025-11-18T12:26:00.000Z,,18,59
2025-11-18T12:27:00.000Z,69,,
2025-11-18T12:27:00.000Z,,17,59
2025-11-18T12:28:00.000Z,67,,
2025-11-18T12:28:00.000Z,,14,59
2025-11-18T12:29:00.000Z,,11,59
2025-11-18T12:30:00.000Z,66,,
2025-11-18T12:30:00.000Z,,9,59
2025-11-18T12:31:00.000Z,,10,60
2025-11-18T12:32:00.000Z,,9,60
2025-11-18T12:33:00.000Z,,10,60
2025-11-18T12:34:00.000Z,,11,60
2025-11-18T12:35:00.000Z,,,
2025-11-18T12:35:00.000Z,,10,60
2025-11-18T12:36:00.000Z,,11,60
2025-11-18T12:37:00.000Z,,10,61
2025-11-18T12:38:00.000Z,71,,
2025-11-18T12:38:00.000Z,,11,61
2025-11-18T12:39:00.000Z,84,,
2025-11-18T12:39:00.000Z,,65534,61
2025-11-18T12:40:00.000Z,82,,
2025-11-18T12:40:00.000Z,,27,61
2025-11-18T12:41:00.000Z,84,,
2025-11-18T12:41:00.000Z,,24,61
2025-11-18T12:42:00.000Z,94,,
2025-11-18T12:42:00.000Z,,,
2025-11-18T12:42:00.000Z,,71,61
2025-11-18T12:43:00.000Z,114,,
2025-11-18T12:43:00.000Z,,,
2025-11-18T12:43:00.000Z,,61,61
2025-11-18T12:44:00.000Z,111,,
2025-11-18T12:44:00.000Z,,,
2025-11-18T12:44:00.000Z,,65534,61
2025-11-18T12:45:00.000Z,97,,
2025-11-18T12:45:00.000Z,,,
2025-11-18T12:45:00.000Z,,78,61
2025-11-18T12:46:00.000Z,,,
2025-11-18T12:46:00.000Z,,81,61
2025-11-18T12:47:00.000Z,99,,
2025-11-18T12:47:00.000Z,,,
2025-11-18T12:47:00.000Z,,65534,61
2025-11-18T12:48:00.000Z,,76,61
2025-11-18T12:49:00.000Z,92,,
2025-11-18T12:49:00.000Z,,65,61
2025-11-18T12:50:00.000Z,96,,
2025-11-18T12:50:00.000Z,,79,61
2025-11-18T12:51:00.000Z,97,,
2025-11-18T12:51:00.000Z,,,
2025-11-18T12:51:00.000Z,,82,59
2025-11-18T12:52:00.000Z,98,,
2025-11-18T12:52:00.000Z,,,
2025-11-18T12:52:00.000Z,,84,59
2025-11-18T12:53:00.000Z,97,,
2025-11-18T12:53:00.000Z,,81,59
2025-11-18T12:54:00.000Z,93,,
2025-11-18T12:54:00.000Z,,54,59
2025-11-18T12:55:00.000Z,89,,
2025-11-18T12:55:00.000Z,,,
2025-11-18T12:55:00.000Z,,69,59
2025-11-18T12:56:00.000Z,97,,
2025-11-18T12:56:00.000Z,,65534,58
2025-11-18T12:57:00.000Z,106,,
2025-11-18T12:57:00.000Z,,,
2025-11-18T12:57:00.000Z,,65534,58
2025-11-18T12:58:00.000Z,101,,
2025-11-18T12:58:00.000Z,,,
2025-11-18T12:58:00.000Z,,74,58
2025-11-18T12:59:00.000Z,103,,
2025-11-18T12:59:00.000Z,,65534,58
2025-11-18T13:00:00.000Z,104,,
2025-11-18T13:00:00.000Z,,,
2025-11-18T13:00:00.000Z,,65534,58
2025-11-18T13:01:00.000Z,105,,
2025-11-18T13:01:00.000Z,,,
2025-11-18T13:01:00.000Z,,65534,58
2025-11-18T13:02:00.000Z,,,
2025-11-18T13:02:00.000Z,,65534,58
2025-11-18T13:03:00.000Z,104,,
2025-11-18T13:03:00.000Z,,,
2025-11-18T13:03:00.000Z,,65534,58
2025-11-18T13:04:00.000Z,110,,
2025-11-18T13:04:00.000Z,,65534,58
2025-11-18T13:05:00.000Z,108,,
2025-11-18T13:05:00.000Z,,65534,58
2025-11-18T13:06:00.000Z,109,,
2025-11-18T13:06:00.000Z,,,
2025-11-18T13:06:00.000Z,,79,57
2025-11-18T13:07:00.000Z,111,,
2025-11-18T13:07:00.000Z,,,
2025-11-18T13:07:00.000Z,,65534,57
2025-11-18T13:08:00.000Z,106,,
2025-11-18T13:08:00.000Z,,83,57
2025-11-18T13:09:00.000Z,88,,
2025-11-18T13:09:00.000Z,,,
2025-11-18T13:09:00.000Z,,51,57
2025-11-18T13:10:00.000Z,83,,
2025-11-18T13:10:00.000Z,,49,57
2025-11-18T13:11:00.000Z,,32,57
2025-11-18T13:12:00.000Z,80,,
2025-11-18T13:12:00.000Z,,,
2025-11-18T13:12:00.000Z,,39,57
2025-11-18T13:13:00.000Z,82,,
2025-11-18T13:13:00.000Z,,,
2025-11-18T13:13:00.000Z,,57,57
2025-11-18T13:14:00.000Z,81,,
2025-11-18T13:14:00.000Z,,,
2025-11-18T13:14:00.000Z,,31,56
2025-11-18T13:15:00.000Z,78,,
2025-11-18T13:15:00.000Z,,,
2025-11-18T13:15:00.000Z,,25,56
2025-11-18T13:16:00.000Z,75,,
2025-11-18T13:16:00.000Z,,23,56
2025-11-18T13:17:00.000Z,77,,
2025-11-18T13:17:00.000Z,,,
2025-11-18T13:17:00.000Z,,22,56
2025-11-18T13:18:00.000Z,,31,56
2025-11-18T13:19:00.000Z,78,,
2025-11-18T13:19:00.000Z,,36,56
2025-11-18T13:20:00.000Z,79,,
2025-11-18T13:20:00.000Z,,32,56
2025-11-18T13:21:00.000Z,77,,
2025-11-18T13:21:00.000Z,,,
2025-11-18T13:21:00.000Z,,25,56
2025-11-18T13:22:00.000Z,82,,
2025-11-18T13:22:00.000Z,,44,56
2025-11-18T13:23:00.000Z,96,,
2025-11-18T13:23:00.000Z,,,
2025-11-18T13:23:00.000Z,,65534,56
2025-11-18T13:24:00.000Z,102,,
2025-11-18T13:24:00.000Z,,,
2025-11-18T13:24:00.000Z,,65534,56
2025-11-18T13:25:00.000Z,,65534,56
2025-11-18T13:26:00.000Z,86,,
2025-11-18T13:26:00.000Z,,,
2025-11-18T13:26:00.000Z,,23,56
2025-11-18T13:27:00.000Z,74,,
2025-11-18T13:27:00.000Z,,20,56
2025-11-18T13:28:00.000Z,72,,
2025-11-18T13:28:00.000Z,,,
2025-11-18T13:28:00.000Z,,24,56
2025-11-18T13:29:00.000Z,,,
2025-11-18T13:29:00.000Z,,22,56
2025-11-18T13:30:00.000Z,,,
2025-11-18T13:30:00.000Z,,27,56
2025-11-18T13:31:00.000Z,69,,
2025-11-18T13:31:00.000Z,,,
2025-11-18T13:31:00.000Z,,21,55
2025-11-18T13:32:00.000Z,,16,55
2025-11-18T13:33:00.000Z,70,,
2025-11-18T13:33:00.000Z,,,
2025-11-18T13:33:00.000Z,,18,55
2025-11-18T13:34:00.000Z,,18,55
2025-11-18T13:35:00.000Z,71,,
2025-11-18T13:35:00.000Z,,22,55
2025-11-18T13:36:00.000Z,,23,55
2025-11-18T13:37:00.000Z,72,,
2025-11-18T13:37:00.000Z,,25,55
2025-11-18T13:38:00.000Z,,27,55
2025-11-18T13:39:00.000Z,,24,55
2025-11-18T13:40:00.000Z,,20,55
2025-11-18T13:41:00.000Z,73,,
2025-11-18T13:41:00.000Z,,,
2025-11-18T13:41:00.000Z,,22,55
2025-11-18T13:42:00.000Z,77,,
2025-11-18T13:42:00.000Z,,,
2025-11-18T13:42:00.000Z,,,
2025-11-18T13:42:00.000Z,,,
2025-11-18T13:42:00.000Z,,,
2025-11-18T13:42:00.000Z,,,
2025-11-18T13:42:00.000Z,,20,55
2025-11-18T13:42:00.000Z,,,
2025-11-18T13:42:00.000Z,,,
2025-11-18T13:42:00.000Z,,,
2025-11-18T13:42:00.000Z,,,
2025-11-18T13:43:00.000Z,90,,
2025-11-18T13:43:00.000Z,,48,55
2025-11-18T13:44:00.000Z,84,,
2025-11-18T13:44:00.000Z,,,
2025-11-18T13:44:00.000Z,,45,55
2025-11-18T13:45:00.000Z,82,,
2025-11-18T13:45:00.000Z,,,
2025-11-18T13:45:00.000Z,,30,55
2025-11-18T13:46:00.000Z,79,,
2025-11-18T13:46:00.000Z,,23,55
2025-11-18T13:47:00.000Z,,36,55
2025-11-18T13:48:00.000Z,78,,
2025-11-18T13:48:00.000Z,,22,55
2025-11-18T13:49:00.000Z,77,,
2025-11-18T13:49:00.000Z,,22,55
2025-11-18T13:50:00.000Z,74,,
2025-11-18T13:50:00.000Z,,,
2025-11-18T13:50:00.000Z,,20,55
2025-11-18T13:51:00.000Z,,,
2025-11-18T13:51:00.000Z,,20,55
2025-11-18T13:52:00.000Z,71,,
2025-11-18T13:52:00.000Z,,23,55
2025-11-18T13:53:00.000Z,,,
2025-11-18T13:53:00.000Z,,21,55
2025-11-18T13:54:00.000Z,,,
2025-11-18T13:54:00.000Z,,20,55
2025-11-18T13:55:00.000Z,72,,
2025-11-18T13:55:00.000Z,,,
2025-11-18T13:55:00.000Z,,17,55
2025-11-18T13:56:00.000Z,71,,
2025-11-18T13:56:00.000Z,,,
2025-11-18T13:56:00.000Z,,23,55
2025-11-18T13:57:00.000Z,72,,
2025-11-18T13:57:00.000Z,,20,55
2025-11-18T13:58:00.000Z,75,,
2025-11-18T13:58:00.000Z,,23,55
2025-11-18T13:59:00.000Z,,,
2025-11-18T13:59:00.000Z,,26,55
2025-11-18T14:00:00.000Z,73,,
2025-11-18T14:00:00.000Z,,,
2025-11-18T14:00:00.000Z,,20,55
2025-11-18T14:01:00.000Z,76,,
2025-11-18T14:01:00.000Z,,65534,55
2025-11-18T14:02:00.000Z,90,,
2025-11-18T14:02:00.000Z,,65534,55
2025-11-18T14:03:00.000Z,84,,
2025-11-18T14:03:00.000Z,,,
2025-11-18T14:03:00.000Z,,33,55
2025-11-18T14:04:00.000Z,,,
2025-11-18T14:04:00.000Z,,65534,55
2025-11-18T14:05:00.000Z,77,,
2025-11-18T14:05:00.000Z,,25,55
2025-11-18T14:06:00.000Z,76,,
2025-11-18T14:06:00.000Z,,26,55
2025-11-18T14:07:00.000Z,,24,55
2025-11-18T14:08:00.000Z,79,,
2025-11-18T14:08:00.000Z,,31,55
2025-11-18T14:09:00.000Z,82,,
2025-11-18T14:09:00.000Z,,,
2025-11-18T14:09:00.000Z,,65534,55
2025-11-18T14:10:00.000Z,91,,
2025-11-18T14:10:00.000Z,,,
2025-11-18T14:10:00.000Z,,65534,55
2025-11-18T14:11:00.000Z,84,,
2025-11-18T14:11:00.000Z,,45,55
2025-11-18T14:12:00.000Z,75,,
2025-11-18T14:12:00.000Z,,28,55
2025-11-18T14:13:00.000Z,77,,
2025-11-18T14:13:00.000Z,,31,55
2025-11-18T14:14:00.000Z,79,,
2025-11-18T14:14:00.000Z,,24,55
2025-11-18T14:15:00.000Z,84,,
2025-11-18T14:15:00.000Z,,54,55
2025-11-18T14:16:00.000Z,82,,
2025-11-18T14:16:00.000Z,,,
2025-11-18T14:16:00.000Z,,45,55
2025-11-18T14:17:00.000Z,81,,
2025-11-18T14:17:00.000Z,,,
2025-11-18T14:17:00.000Z,,26,54
2025-11-18T14:18:00.000Z,83,,
2025-11-18T14:18:00.000Z,,29,54
2025-11-18T14:19:00.000Z,82,,
2025-11-18T14:19:00.000Z,,43,54
2025-11-18T14:20:00.000Z,80,,
2025-11-18T14:20:00.000Z,,25,54
2025-11-18T14:21:00.000Z,81,,
2025-11-18T14:21:00.000Z,,26,54
2025-11-18T14:22:00.000Z,79,,
2025-11-18T14:22:00.000Z,,34,54
2025-11-18T14:23:00.000Z,75,,
2025-11-18T14:23:00.000Z,,,
2025-11-18T14:23:00.000Z,,20,54
2025-11-18T14:24:00.000Z,73,,
2025-11-18T14:24:00.000Z,,,
2025-11-18T14:24:00.000Z,,18,54
2025-11-18T14:25:00.000Z,74,,
2025-11-18T14:25:00.000Z,,21,54
2025-11-18T14:26:00.000Z,73,,
2025-11-18T14:26:00.000Z,,21,54
2025-11-18T14:27:00.000Z,81,,
2025-11-18T14:27:00.000Z,,27,54
2025-11-18T14:28:00.000Z,79,,
2025-11-18T14:28:00.000Z,,,
2025-11-18T14:28:00.000Z,,24,54
2025-11-18T14:29:00.000Z,76,,
2025-11-18T14:29:00.000Z,,19,54
2025-11-18T14:30:00.000Z,79,,
2025-11-18T14:30:00.000Z,,20,54
2025-11-18T14:31:00.000Z,77,,
2025-11-18T14:31:00.000Z,,19,54
2025-11-18T14:32:00.000Z,78,,
2025-11-18T14:32:00.000Z,,,
2025-11-18T14:32:00.000Z,,21,54
2025-11-18T14:33:00.000Z,80,,
2025-11-18T14:33:00.000Z,,,
2025-11-18T14:33:00.000Z,,24,54
2025-11-18T14:34:00.000Z,83,,
2025-11-18T14:34:00.000Z,,,
2025-11-18T14:34:00.000Z,,30,54
2025-11-18T14:35:00.000Z,81,,
2025-11-18T14:35:00.000Z,,25,54
2025-11-18T14:36:00.000Z,80,,
2025-11-18T14:36:00.000Z,,,
2025-11-18T14:36:00.000Z,,29,54
2025-11-18T14:37:00.000Z,87,,
2025-11-18T14:37:00.000Z,,65534,54
2025-11-18T14:38:00.000Z,100,,
2025-11-18T14:38:00.000Z,,,
2025-11-18T14:38:00.000Z,,65534,54
2025-11-18T14:39:00.000Z,89,,
2025-11-18T14:39:00.000Z,,39,54
2025-11-18T14:40:00.000Z,87,,
2025-11-18T14:40:00.000Z,,65534,54
2025-11-18T14:41:00.000Z,95,,
2025-11-18T14:41:00.000Z,,38,54
2025-11-18T14:42:00.000Z,,,
2025-11-18T14:42:00.000Z,,77,54
2025-11-18T14:43:00.000Z,92,,
2025-11-18T14:43:00.000Z,,65534,54
2025-11-18T14:44:00.000Z,106,,
2025-11-18T14:44:00.000Z,,65534,53
2025-11-18T14:45:00.000Z,112,,
2025-11-18T14:45:00.000Z,,,
2025-11-18T14:45:00.000Z,,65534,53
2025-11-18T14:46:00.000Z,115,,
2025-11-18T14:46:00.000Z,,65534,53
2025-11-18T14:47:00.000Z,114,,
2025-11-18T14:47:00.000Z,,65534,52
2025-11-18T14:48:00.000Z,119,,
2025-11-18T14:48:00.000Z,,65534,52
2025-11-18T14:49:00.000Z,115,,
2025-11-18T14:49:00.000Z,,65534,52
2025-11-18T14:50:00.000Z,109,,
2025-11-18T14:50:00.000Z,,65534,52
2025-11-18T14:51:00.000Z,107,,
2025-11-18T14:51:00.000Z,,,
2025-11-18T14:51:00.000Z,,65534,52
2025-11-18T14:52:00.000Z,104,,
2025-11-18T14:52:00.000Z,,,
2025-11-18T14:52:00.000Z,,86,52
2025-11-18T14:53:00.000Z,100,,
2025-11-18T14:53:00.000Z,,65534,52
2025-11-18T14:54:00.000Z,96,,
2025-11-18T14:54:00.000Z,,79,52
2025-11-18T14:55:00.000Z,91,,
2025-11-18T14:55:00.000Z,,77,51
2025-11-18T14:56:00.000Z,94,,
2025-11-18T14:56:00.000Z,,74,51
2025-11-18T14:57:00.000Z,99,,
2025-11-18T14:57:00.000Z,,,
2025-11-18T14:57:00.000Z,,84,51
2025-11-18T14:58:00.000Z,100,,
2025-11-18T14:58:00.000Z,,65534,51
2025-11-18T14:59:00.000Z,106,,
2025-11-18T14:59:00.000Z,,65534,51
2025-11-18T15:00:00.000Z,,,
2025-11-18T15:00:00.000Z,,65534,51
2025-11-18T15:01:00.000Z,104,,
2025-11-18T15:01:00.000Z,,,
2025-11-18T15:01:00.000Z,,65534,51
2025-11-18T15:02:00.000Z,97,,
2025-11-18T15:02:00.000Z,,,
2025-11-18T15:02:00.000Z,,,
2025-11-18T15:02:00.000Z,,,
2025-11-18T15:02:00.000Z,,,
2025-11-18T15:02:00.000Z,,,
2025-11-18T15:02:00.000Z,,59,51
2025-11-18T15:02:00.000Z,,,
2025-11-18T15:02:00.000Z,,,
2025-11-18T15:02:00.000Z,,,
2025-11-18T15:02:00.000Z,,,
2025-11-18T15:03:00.000Z,86,,
2025-11-18T15:03:00.000Z,,,
2025-11-18T15:03:00.000Z,,65,51
2025-11-18T15:04:00.000Z,84,,
2025-11-18T15:04:00.000Z,,,
2025-11-18T15:04:00.000Z,,55,51
2025-11-18T15:05:00.000Z,83,,
2025-11-18T15:05:00.000Z,,44,50
2025-11-18T15:06:00.000Z,84,,
2025-11-18T15:06:00.000Z,,49,50
2025-11-18T15:07:00.000Z,85,,
2025-11-18T15:07:00.000Z,,33,50
2025-11-18T15:08:00.000Z,81,,
2025-11-18T15:08:00.000Z,,,
2025-11-18T15:08:00.000Z,,33,50
2025-11-18T15:09:00.000Z,80,,
2025-11-18T15:09:00.000Z,,,
2025-11-18T15:09:00.000Z,,45,50
2025-11-18T15:10:00.000Z,82,,
2025-11-18T15:10:00.000Z,,45,50
2025-11-18T15:11:00.000Z,80,,
2025-11-18T15:11:00.000Z,,,
2025-11-18T15:11:00.000Z,,25,50
2025-11-18T15:12:00.000Z,79,,
2025-11-18T15:12:00.000Z,,34,50
2025-11-18T15:13:00.000Z,78,,
2025-11-18T15:13:00.000Z,,37,50
2025-11-18T15:14:00.000Z,80,,
2025-11-18T15:14:00.000Z,,47,50
2025-11-18T15:15:00.000Z,79,,
2025-11-18T15:15:00.000Z,,,
2025-11-18T15:15:00.000Z,,39,50
2025-11-18T15:16:00.000Z,83,,
2025-11-18T15:16:00.000Z,,46,50
2025-11-18T15:17:00.000Z,,42,50
2025-11-18T15:18:00.000Z,99,,
2025-11-18T15:18:00.000Z,,,
2025-11-18T15:18:00.000Z,,65534,50
2025-11-18T15:19:00.000Z,107,,
2025-11-18T15:19:00.000Z,,,
2025-11-18T15:19:00.000Z,,65534,50
2025-11-18T15:20:00.000Z,106,,
2025-11-18T15:20:00.000Z,,83,50
2025-11-18T15:21:00.000Z,91,,
2025-11-18T15:21:00.000Z,,63,49
2025-11-18T15:22:00.000Z,88,,
2025-11-18T15:22:00.000Z,,69,49
2025-11-18T15:23:00.000Z,93,,
2025-11-18T15:23:00.000Z,,61,49
2025-11-18T15:24:00.000Z,97,,
2025-11-18T15:24:00.000Z,,81,49
2025-11-18T15:25:00.000Z,96,,
2025-11-18T15:25:00.000Z,,73,49
2025-11-18T15:26:00.000Z,,69,49
2025-11-18T15:27:00.000Z,,78,48
2025-11-18T15:28:00.000Z,94,,
2025-11-18T15:28:00.000Z,,81,48
2025-11-18T15:29:00.000Z,97,,
2025-11-18T15:29:00.000Z,,83,48
2025-11-18T15:30:00.000Z,99,,
2025-11-18T15:30:00.000Z,,78,48
2025-11-18T15:31:00.000Z,98,,
2025-11-18T15:31:00.000Z,,,
2025-11-18T15:32:00.000Z,104,,
2025-11-18T15:32:00.000Z,,,
2025-11-18T15:32:00.000Z,,83,48
2025-11-18T15:33:00.000Z,102,,
2025-11-18T15:33:00.000Z,,,
2025-11-18T15:33:00.000Z,,81,48
2025-11-18T15:34:00.000Z,100,,
2025-11-18T15:34:00.000Z,,,
2025-11-18T15:34:00.000Z,,68,48
2025-11-18T15:35:00.000Z,91,,
2025-11-18T15:35:00.000Z,,,
2025-11-18T15:35:00.000Z,,42,47
2025-11-18T15:36:00.000Z,87,,
2025-11-18T15:36:00.000Z,,44,47
2025-11-18T15:37:00.000Z,89,,
2025-11-18T15:37:00.000Z,,,
2025-11-18T15:37:00.000Z,,60,47
2025-11-18T15:38:00.000Z,83,,
2025-11-18T15:38:00.000Z,,53,47
2025-11-18T15:39:00.000Z,78,,
2025-11-18T15:39:00.000Z,,19,47
2025-11-18T15:40:00.000Z,,20,47
2025-11-18T15:41:00.000Z,76,,
2025-11-18T15:41:00.000Z,,23,47
2025-11-18T15:42:00.000Z,74,,
2025-11-18T15:42:00.000Z,,23,47
2025-11-18T15:43:00.000Z,,,
2025-11-18T15:43:00.000Z,,25,47
2025-11-18T15:44:00.000Z,88,,
2025-11-18T15:44:00.000Z,,38,47
2025-11-18T15:45:00.000Z,89,,
2025-11-18T15:45:00.000Z,,42,47
2025-11-18T15:46:00.000Z,88,,
2025-11-18T15:46:00.000Z,,40,47
2025-11-18T15:47:00.000Z,95,,
2025-11-18T15:47:00.000Z,,71,47
2025-11-18T15:48:00.000Z,91,,
2025-11-18T15:48:00.000Z,,54,47
2025-11-18T15:49:00.000Z,92,,
2025-11-18T15:49:00.000Z,,69,46
2025-11-18T15:50:00.000Z,95,,
2025-11-18T15:50:00.000Z,,77,46
2025-11-18T15:51:00.000Z,96,,
2025-11-18T15:51:00.000Z,,76,46
2025-11-18T15:52:00.000Z,98,,
2025-11-18T15:52:00.000Z,,46,46
2025-11-18T15:53:00.000Z,96,,
2025-11-18T15:53:00.000Z,,,
2025-11-18T15:53:00.000Z,,63,46
2025-11-18T15:54:00.000Z,94,,
2025-11-18T15:54:00.000Z,,,
2025-11-18T15:54:00.000Z,,64,46
2025-11-18T15:55:00.000Z,83,,
2025-11-18T15:55:00.000Z,,,
2025-11-18T15:55:00.000Z,,48,46
2025-11-18T15:56:00.000Z,,,
2025-11-18T15:56:00.000Z,,45,46
2025-11-18T15:57:00.000Z,82,,
2025-11-18T15:57:00.000Z,,42,46
2025-11-18T15:58:00.000Z,,33,46
2025-11-18T15:59:00.000Z,85,,
2025-11-18T15:59:00.000Z,,50,45
2025-11-18T16:00:00.000Z,84,,
2025-11-18T16:00:00.000Z,,,
2025-11-18T16:00:00.000Z,,61,45
2025-11-18T16:01:00.000Z,,,
2025-11-18T16:01:00.000Z,,47,45
2025-11-18T16:02:00.000Z,90,,
2025-11-18T16:02:00.000Z,,,
2025-11-18T16:02:00.000Z,,57,45
2025-11-18T16:03:00.000Z,88,,
2025-11-18T16:03:00.000Z,,,
2025-11-18T16:03:00.000Z,,63,45
2025-11-18T16:04:00.000Z,85,,
2025-11-18T16:04:00.000Z,,,
2025-11-18T16:04:00.000Z,,33,45
2025-11-18T16:05:00.000Z,,39,45
2025-11-18T16:06:00.000Z,87,,
2025-11-18T16:06:00.000Z,,55,45
2025-11-18T16:07:00.000Z,84,,
2025-11-18T16:07:00.000Z,,36,45
2025-11-18T16:08:00.000Z,83,,
2025-11-18T16:08:00.000Z,,51,45
2025-11-18T16:09:00.000Z,82,,
2025-11-18T16:09:00.000Z,,48,45
2025-11-18T16:10:00.000Z,80,,
2025-11-18T16:10:00.000Z,,24,45
2025-11-18T16:11:00.000Z,81,,
2025-11-18T16:11:00.000Z,,40,45
2025-11-18T16:12:00.000Z,80,,
2025-11-18T16:12:00.000Z,,25,45
2025-11-18T16:13:00.000Z,79,,
2025-11-18T16:13:00.000Z,,32,45
2025-11-18T16:14:00.000Z,80,,
2025-11-18T16:14:00.000Z,,33,45
2025-11-18T16:15:00.000Z,78,,
2025-11-18T16:15:00.000Z,,,
2025-11-18T16:15:00.000Z,,35,45
2025-11-18T16:16:00.000Z,76,,
2025-11-18T16:16:00.000Z,,,
2025-11-18T16:16:00.000Z,,24,45
2025-11-18T16:17:00.000Z,,21,45
2025-11-18T16:18:00.000Z,75,,
2025-11-18T16:18:00.000Z,,30,45
2025-11-18T16:19:00.000Z,78,,
2025-11-18T16:19:00.000Z,,24,45
2025-11-18T16:20:00.000Z,,30,45
2025-11-18T16:21:00.000Z,76,,
2025-11-18T16:21:00.000Z,,,
2025-11-18T16:21:00.000Z,,24,45
2025-11-18T16:22:00.000Z,75,,
2025-11-18T16:22:00.000Z,,,
2025-11-18T16:22:00.000Z,,30,45
2025-11-18T16:23:00.000Z,77,,
2025-11-18T16:23:00.000Z,,25,45
2025-11-18T16:24:00.000Z,,22,45
2025-11-18T16:25:00.000Z,78,,
2025-11-18T16:25:00.000Z,,29,44
2025-11-18T16:26:00.000Z,79,,
2025-11-18T16:26:00.000Z,,39,44
2025-11-18T16:27:00.000Z,,,
2025-11-18T16:27:00.000Z,,25,44
2025-11-18T16:28:00.000Z,77,,
2025-11-18T16:28:00.000Z,,,
2025-11-18T16:28:00.000Z,,22,44
2025-11-18T16:29:00.000Z,85,,
2025-11-18T16:29:00.000Z,,36,44
2025-11-18T16:30:00.000Z,79,,
2025-11-18T16:30:00.000Z,,28,44
2025-11-18T16:31:00.000Z,80,,
2025-11-18T16:31:00.000Z,,36,44
2025-11-18T16:32:00.000Z,77,,
2025-11-18T16:32:00.000Z,,30,44
2025-11-18T16:33:00.000Z,81,,
2025-11-18T16:33:00.000Z,,,
2025-11-18T16:33:00.000Z,,49,44
2025-11-18T16:34:00.000Z,78,,
2025-11-18T16:34:00.000Z,,,
2025-11-18T16:34:00.000Z,,39,44
2025-11-18T16:35:00.000Z,,24,44
2025-11-18T16:36:00.000Z,83,,
2025-11-18T16:36:00.000Z,,36,43
2025-11-18T16:37:00.000Z,78,,
2025-11-18T16:37:00.000Z,,24,43
2025-11-18T16:38:00.000Z,81,,
2025-11-18T16:38:00.000Z,,30,43
2025-11-18T16:39:00.000Z,79,,
2025-11-18T16:39:00.000Z,,,
2025-11-18T16:39:00.000Z,,23,43
2025-11-18T16:40:00.000Z,,36,43
2025-11-18T16:41:00.000Z,,,
2025-11-18T16:41:00.000Z,,29,43
2025-11-18T16:42:00.000Z,78,,
2025-11-18T16:42:00.000Z,,33,43
2025-11-18T16:43:00.000Z,81,,
2025-11-18T16:43:00.000Z,,,
2025-11-18T16:43:00.000Z,,36,43
2025-11-18T16:44:00.000Z,86,,
2025-11-18T16:44:00.000Z,,51,43
2025-11-18T16:45:00.000Z,101,,
2025-11-18T16:45:00.000Z,,,
2025-11-18T16:45:00.000Z,,65534,43
2025-11-18T16:46:00.000Z,106,,
2025-11-18T16:46:00.000Z,,,
2025-11-18T16:46:00.000Z,,87,43
2025-11-18T16:47:00.000Z,87,,
2025-11-18T16:47:00.000Z,,35,43
2025-11-18T16:48:00.000Z,79,,
2025-11-18T16:48:00.000Z,,27,43
2025-11-18T16:49:00.000Z,78,,
2025-11-18T16:49:00.000Z,,39,43
2025-11-18T16:50:00.000Z,77,,
2025-11-18T16:50:00.000Z,,32,43
2025-11-18T16:51:00.000Z,79,,
2025-11-18T16:51:00.000Z,,34,43
2025-11-18T16:52:00.000Z,78,,
2025-11-18T16:52:00.000Z,,27,43
2025-11-18T16:53:00.000Z,80,,
2025-11-18T16:53:00.000Z,,27,43
2025-11-18T16:54:00.000Z,79,,
2025-11-18T16:54:00.000Z,,29,43
2025-11-18T16:55:00.000Z,83,,
2025-11-18T16:55:00.000Z,,,
2025-11-18T16:55:00.000Z,,48,43
2025-11-18T16:56:00.000Z,101,,
2025-11-18T16:56:00.000Z,,,
2025-11-18T16:56:00.000Z,,65534,42
2025-11-18T16:57:00.000Z,91,,
2025-11-18T16:57:00.000Z,,73,42
2025-11-18T16:58:00.000Z,80,,
2025-11-18T16:58:00.000Z,,51,42
2025-11-18T16:59:00.000Z,,50,42
2025-11-18T17:00:00.000Z,83,,
2025-11-18T17:00:00.000Z,,51,42
2025-11-18T17:01:00.000Z,84,,
2025-11-18T17:01:00.000Z,,34,42
2025-11-18T17:02:00.000Z,86,,
2025-11-18T17:02:00.000Z,,62,42
2025-11-18T17:03:00.000Z,87,,
2025-11-18T17:03:00.000Z,,47,42
2025-11-18T17:04:00.000Z,89,,
2025-11-18T17:04:00.000Z,,,
2025-11-18T17:04:00.000Z,,31,42
2025-11-18T17:05:00.000Z,83,,
2025-11-18T17:05:00.000Z,,31,42
2025-11-18T17:06:00.000Z,82,,
2025-11-18T17:06:00.000Z,,36,42
2025-11-18T17:07:00.000Z,85,,
2025-11-18T17:07:00.000Z,,52,42
2025-11-18T17:08:00.000Z,92,,
2025-11-18T17:08:00.000Z,,43,42
2025-11-18T17:09:00.000Z,87,,
2025-11-18T17:09:00.000Z,,,
2025-11-18T17:09:00.000Z,,39,41
2025-11-18T17:10:00.000Z,83,,
2025-11-18T17:10:00.000Z,,36,41
2025-11-18T17:11:00.000Z,81,,
2025-11-18T17:11:00.000Z,,36,41
2025-11-18T17:12:00.000Z,76,,
2025-11-18T17:12:00.000Z,,33,41
2025-11-18T17:13:00.000Z,,23,41
2025-11-18T17:14:00.000Z,74,,
2025-11-18T17:14:00.000Z,,22,41
2025-11-18T17:15:00.000Z,75,,
2025-11-18T17:15:00.000Z,,16,41
2025-11-18T17:16:00.000Z,,22,41
2025-11-18T17:17:00.000Z,,22,41
2025-11-18T17:18:00.000Z,76,,
2025-11-18T17:18:00.000Z,,33,41
2025-11-18T17:19:00.000Z,79,,
2025-11-18T17:19:00.000Z,,23,41
2025-11-18T17:20:00.000Z,77,,
2025-11-18T17:20:00.000Z,,22,41
2025-11-18T17:21:00.000Z,78,,
2025-11-18T17:21:00.000Z,,24,41
2025-11-18T17:22:00.000Z,,,
2025-11-18T17:22:00.000Z,,30,41
2025-11-18T17:23:00.000Z,80,,
2025-11-18T17:23:00.000Z,,37,41
2025-11-18T17:24:00.000Z,83,,
2025-11-18T17:24:00.000Z,,40,41
2025-11-18T17:25:00.000Z,82,,
2025-11-18T17:25:00.000Z,,43,41
2025-11-18T17:26:00.000Z,88,,
2025-11-18T17:26:00.000Z,,55,41
2025-11-18T17:27:00.000Z,93,,
2025-11-18T17:27:00.000Z,,78,40
2025-11-18T17:28:00.000Z,90,,
2025-11-18T17:28:00.000Z,,61,40
2025-11-18T17:29:00.000Z,85,,
2025-11-18T17:29:00.000Z,,46,40
2025-11-18T17:30:00.000Z,91,,
2025-11-18T17:30:00.000Z,,44,40
2025-11-18T17:31:00.000Z,90,,
2025-11-18T17:31:00.000Z,,56,40
2025-11-18T17:32:00.000Z,89,,
2025-11-18T17:32:00.000Z,,62,40
2025-11-18T17:33:00.000Z,90,,
2025-11-18T17:33:00.000Z,,,
2025-11-18T17:33:00.000Z,,66,40
2025-11-18T17:34:00.000Z,83,,
2025-11-18T17:34:00.000Z,,,
2025-11-18T17:34:00.000Z,,37,40
2025-11-18T17:35:00.000Z,84,,
2025-11-18T17:35:00.000Z,,57,40
2025-11-18T17:36:00.000Z,82,,
2025-11-18T17:36:00.000Z,,,
2025-11-18T17:36:00.000Z,,,
2025-11-18T17:36:00.000Z,,,
2025-11-18T17:36:00.000Z,,,
2025-11-18T17:36:00.000Z,,,
2025-11-18T17:36:00.000Z,,51,40
2025-11-18T17:36:00.000Z,,,
2025-11-18T17:36:00.000Z,,,
2025-11-18T17:36:00.000Z,,,
2025-11-18T17:36:00.000Z,,,
2025-11-18T17:37:00.000Z,81,,
2025-11-18T17:37:00.000Z,,44,40
2025-11-18T17:38:00.000Z,83,,
2025-11-18T17:38:00.000Z,,,
2025-11-18T17:38:00.000Z,,65534,39
2025-11-18T17:39:00.000Z,98,,
2025-11-18T17:39:00.000Z,,,
2025-11-18T17:39:00.000Z,,65534,39
2025-11-18T17:40:00.000Z,100,,
2025-11-18T17:40:00.000Z,,,
2025-11-18T17:40:00.000Z,,69,39
2025-11-18T17:41:00.000Z,99,,
2025-11-18T17:41:00.000Z,,,
2025-11-18T17:41:00.000Z,,74,39
2025-11-18T17:42:00.000Z,94,,
2025-11-18T17:42:00.000Z,,75,39
2025-11-18T17:43:00.000Z,96,,
2025-11-18T17:43:00.000Z,,,
2025-11-18T17:43:00.000Z,,82,39
2025-11-18T17:44:00.000Z,104,,
2025-11-18T17:44:00.000Z,,,
2025-11-18T17:44:00.000Z,,65534,39
2025-11-18T17:45:00.000Z,,,
2025-11-18T17:45:00.000Z,,65534,38
2025-11-18T17:46:00.000Z,103,,
2025-11-18T17:46:00.000Z,,,38
2025-11-18T17:47:00.000Z,102,,
2025-11-18T17:47:00.000Z,,,
2025-11-18T17:47:00.000Z,,87,38
2025-11-18T17:48:00.000Z,90,,
2025-11-18T17:48:00.000Z,,63,38
2025-11-18T17:49:00.000Z,86,,
2025-11-18T17:49:00.000Z,,35,38
2025-11-18T17:50:00.000Z,85,,
2025-11-18T17:50:00.000Z,,55,38
2025-11-18T17:51:00.000Z,84,,
2025-11-18T17:51:00.000Z,,45,38
2025-11-18T17:52:00.000Z,80,,
2025-11-18T17:52:00.000Z,,46,38
2025-11-18T17:53:00.000Z,82,,
2025-11-18T17:53:00.000Z,,45,38
2025-11-18T17:54:00.000Z,83,,
2025-11-18T17:54:00.000Z,,58,38
2025-11-18T17:55:00.000Z,,54,38
2025-11-18T17:56:00.000Z,84,,
2025-11-18T17:56:00.000Z,,63,38
2025-11-18T17:57:00.000Z,,54,37
2025-11-18T17:58:00.000Z,85,,
2025-11-18T17:58:00.000Z,,54,37
2025-11-18T17:59:00.000Z,86,,
2025-11-18T17:59:00.000Z,,66,37
2025-11-18T18:00:00.000Z,87,,
2025-11-18T18:00:00.000Z,,72,37
2025-11-18T18:01:00.000Z,,36,37
2025-11-18T18:02:00.000Z,88,,
2025-11-18T18:02:00.000Z,,60,37
2025-11-18T18:03:00.000Z,87,,
2025-11-18T18:03:00.000Z,,,
2025-11-18T18:03:00.000Z,,60,37
2025-11-18T18:04:00.000Z,,,
2025-11-18T18:04:00.000Z,,47,37
2025-11-18T18:05:00.000Z,91,,
2025-11-18T18:05:00.000Z,,71,37
2025-11-18T18:06:00.000Z,88,,
2025-11-18T18:06:00.000Z,,67,37
2025-11-18T18:07:00.000Z,,54,36
2025-11-18T18:08:00.000Z,91,,
2025-11-18T18:08:00.000Z,,52,36
2025-11-18T18:09:00.000Z,92,,
2025-11-18T18:09:00.000Z,,71,36
2025-11-18T18:10:00.000Z,99,,
2025-11-18T18:10:00.000Z,,58,36
2025-11-18T18:11:00.000Z,87,,
2025-11-18T18:11:00.000Z,,44,36
2025-11-18T18:12:00.000Z,88,,
2025-11-18T18:12:00.000Z,,45,36
2025-11-18T18:13:00.000Z,85,,
2025-11-18T18:13:00.000Z,,48,36
2025-11-18T18:14:00.000Z,86,,
2025-11-18T18:14:00.000Z,,55,36
2025-11-18T18:15:00.000Z,87,,
2025-11-18T18:15:00.000Z,,51,36
2025-11-18T18:16:00.000Z,84,,
2025-11-18T18:16:00.000Z,,,
2025-11-18T18:16:00.000Z,,28,36
2025-11-18T18:17:00.000Z,94,,
2025-11-18T18:17:00.000Z,,65534,36
2025-11-18T18:18:00.000Z,92,,
2025-11-18T18:18:00.000Z,,,36
2025-11-18T18:19:00.000Z,89,,
2025-11-18T18:19:00.000Z,,65534,36
2025-11-18T18:20:00.000Z,87,,
2025-11-18T18:20:00.000Z,,65534,36
2025-11-18T18:21:00.000Z,90,,
2025-11-18T18:21:00.000Z,,65534,36
2025-11-18T18:22:00.000Z,92,,
2025-11-18T18:22:00.000Z,,65534,36
2025-11-18T18:23:00.000Z,94,,
2025-11-18T18:23:00.000Z,,65534,35
2025-11-18T18:24:00.000Z,93,,
2025-11-18T18:24:00.000Z,,,
2025-11-18T18:24:00.000Z,,65534,35
2025-11-18T18:25:00.000Z,,43,35
2025-11-18T18:26:00.000Z,86,,
2025-11-18T18:26:00.000Z,,59,35
2025-11-18T18:27:00.000Z,90,,
2025-11-18T18:27:00.000Z,,67,35
2025-11-18T18:28:00.000Z,88,,
2025-11-18T18:28:00.000Z,,,
2025-11-18T18:28:00.000Z,,52,35
2025-11-18T18:29:00.000Z,91,,
2025-11-18T18:29:00.000Z,,,
2025-11-18T18:29:00.000Z,,49,35
2025-11-18T18:30:00.000Z,88,,
2025-11-18T18:30:00.000Z,,59,35
2025-11-18T18:31:00.000Z,,,
2025-11-18T18:31:00.000Z,,66,35
2025-11-18T18:32:00.000Z,92,,
2025-11-18T18:32:00.000Z,,,
2025-11-18T18:32:00.000Z,,65534,35
2025-11-18T18:33:00.000Z,98,,
2025-11-18T18:33:00.000Z,,65534,35
2025-11-18T18:34:00.000Z,84,,
2025-11-18T18:34:00.000Z,,39,35
2025-11-18T18:35:00.000Z,80,,
2025-11-18T18:35:00.000Z,,42,35
2025-11-18T18:36:00.000Z,78,,
2025-11-18T18:36:00.000Z,,24,35
2025-11-18T18:37:00.000Z,80,,
2025-11-18T18:37:00.000Z,,42,35
2025-11-18T18:38:00.000Z,76,,
2025-11-18T18:38:00.000Z,,31,35
2025-11-18T18:39:00.000Z,84,,
2025-11-18T18:39:00.000Z,,,
2025-11-18T18:39:00.000Z,,65534,34
2025-11-18T18:40:00.000Z,85,,
2025-11-18T18:40:00.000Z,,65534,34
2025-11-18T18:41:00.000Z,87,,
2025-11-18T18:41:00.000Z,,65534,34
2025-11-18T18:42:00.000Z,90,,
2025-11-18T18:42:00.000Z,,65534,34
2025-11-18T18:43:00.000Z,92,,
2025-11-18T18:43:00.000Z,,,34
2025-11-18T18:44:00.000Z,81,,
2025-11-18T18:44:00.000Z,,,34
2025-11-18T18:45:00.000Z,82,,
2025-11-18T18:45:00.000Z,,,
2025-11-18T18:45:00.000Z,,33,34
2025-11-18T18:46:00.000Z,,35,34
2025-11-18T18:47:00.000Z,,47,34
2025-11-18T18:48:00.000Z,81,,
2025-11-18T18:48:00.000Z,,38,34
2025-11-18T18:49:00.000Z,87,,
2025-11-18T18:49:00.000Z,,48,34
2025-11-18T18:50:00.000Z,85,,
2025-11-18T18:50:00.000Z,,51,34
2025-11-18T18:51:00.000Z,90,,
2025-11-18T18:51:00.000Z,,,
2025-11-18T18:51:00.000Z,,54,34
2025-11-18T18:52:00.000Z,88,,
2025-11-18T18:52:00.000Z,,60,33
2025-11-18T18:53:00.000Z,89,,
2025-11-18T18:53:00.000Z,,69,33
2025-11-18T18:54:00.000Z,87,,
2025-11-18T18:54:00.000Z,,,
2025-11-18T18:54:00.000Z,,41,33
2025-11-18T18:55:00.000Z,88,,
2025-11-18T18:55:00.000Z,,,
2025-11-18T18:55:00.000Z,,57,33
2025-11-18T18:56:00.000Z,90,,
2025-11-18T18:56:00.000Z,,,
2025-11-18T18:56:00.000Z,,39,33
2025-11-18T18:57:00.000Z,92,,
2025-11-18T18:57:00.000Z,,57,33
2025-11-18T18:58:00.000Z,97,,
2025-11-18T18:58:00.000Z,,,
2025-11-18T18:58:00.000Z,,65,33
2025-11-18T18:59:00.000Z,105,,
2025-11-18T18:59:00.000Z,,65534,33
2025-11-18T19:00:00.000Z,110,,
2025-11-18T19:00:00.000Z,,,
2025-11-18T19:00:00.000Z,,60,33
2025-11-18T19:01:00.000Z,101,,
2025-11-18T19:01:00.000Z,,,
2025-11-18T19:01:00.000Z,,,33
2025-11-18T19:02:00.000Z,105,,
2025-11-18T19:02:00.000Z,,,
2025-11-18T19:02:00.000Z,,,
2025-11-18T19:02:00.000Z,,,
2025-11-18T19:02:00.000Z,,,
2025-11-18T19:02:00.000Z,,,
2025-11-18T19:02:00.000Z,,65534,33
2025-11-18T19:02:00.000Z,,,
2025-11-18T19:02:00.000Z,,,
2025-11-18T19:02:00.000Z,,,
2025-11-18T19:02:00.000Z,,,
2025-11-18T19:03:00.000Z,110,,
2025-11-18T19:03:00.000Z,,65534,32
2025-11-18T19:04:00.000Z,104,,
2025-11-18T19:04:00.000Z,,,
2025-11-18T19:04:00.000Z,,65534,32
2025-11-18T19:05:00.000Z,102,,
2025-11-18T19:05:00.000Z,,,
2025-11-18T19:05:00.000Z,,81,32
2025-11-18T19:06:00.000Z,97,,
2025-11-18T19:06:00.000Z,,,
2025-11-18T19:06:00.000Z,,65534,32
2025-11-18T19:07:00.000Z,91,,
2025-11-18T19:07:00.000Z,,,32
2025-11-18T19:08:00.000Z,85,,
2025-11-18T19:08:00.000Z,,,
2025-11-18T19:08:00.000Z,,60,32
2025-11-18T19:09:00.000Z,84,,
2025-11-18T19:09:00.000Z,,60,32
2025-11-18T19:10:00.000Z,85,,
2025-11-18T19:10:00.000Z,,55,32
2025-11-18T19:11:00.000Z,90,,
2025-11-18T19:11:00.000Z,,72,32
2025-11-18T19:12:00.000Z,86,,
2025-11-18T19:12:00.000Z,,,
2025-11-18T19:12:00.000Z,,54,32
2025-11-18T19:13:00.000Z,,42,32
2025-11-18T19:14:00.000Z,85,,
2025-11-18T19:14:00.000Z,,48,32
2025-11-18T19:15:00.000Z,,42,32
2025-11-18T19:16:00.000Z,86,,
2025-11-18T19:16:00.000Z,,,
2025-11-18T19:16:00.000Z,,37,31
2025-11-18T19:17:00.000Z,84,,
2025-11-18T19:17:00.000Z,,,
2025-11-18T19:17:00.000Z,,52,31
2025-11-18T19:18:00.000Z,92,,
2025-11-18T19:18:00.000Z,,,
2025-11-18T19:18:00.000Z,,36,31
2025-11-18T19:19:00.000Z,90,,
2025-11-18T19:19:00.000Z,,57,31
2025-11-18T19:20:00.000Z,87,,
2025-11-18T19:20:00.000Z,,,
2025-11-18T19:20:00.000Z,,52,31
2025-11-18T19:21:00.000Z,84,,
2025-11-18T19:21:00.000Z,,61,31
2025-11-18T19:22:00.000Z,91,,
2025-11-18T19:22:00.000Z,,36,31
2025-11-18T19:23:00.000Z,,63,31
2025-11-18T19:24:00.000Z,90,,
2025-11-18T19:24:00.000Z,,73,31
2025-11-18T19:25:00.000Z,87,,
2025-11-18T19:25:00.000Z,,54,31
2025-11-18T19:26:00.000Z,98,,
2025-11-18T19:26:00.000Z,,,
2025-11-18T19:26:00.000Z,,65534,31
2025-11-18T19:27:00.000Z,108,,
2025-11-18T19:27:00.000Z,,,
2025-11-18T19:27:00.000Z,,65534,31
2025-11-18T19:28:00.000Z,98,,
2025-11-18T19:28:00.000Z,,,
2025-11-18T19:28:00.000Z,,77,30
2025-11-18T19:29:00.000Z,96,,
2025-11-18T19:29:00.000Z,,65534,30
2025-11-18T19:30:00.000Z,101,,
2025-11-18T19:30:00.000Z,,,
2025-11-18T19:30:00.000Z,,,30
2025-11-18T19:31:00.000Z,94,,
2025-11-18T19:31:00.000Z,,39,30
2025-11-18T19:32:00.000Z,83,,
2025-11-18T19:32:00.000Z,,44,30
2025-11-18T19:33:00.000Z,84,,
2025-11-18T19:33:00.000Z,,,
2025-11-18T19:33:00.000Z,,62,30
2025-11-18T19:34:00.000Z,,,
2025-11-18T19:34:00.000Z,,51,30
2025-11-18T19:35:00.000Z,82,,
2025-11-18T19:35:00.000Z,,39,30
2025-11-18T19:36:00.000Z,88,,
2025-11-18T19:36:00.000Z,,33,30
2025-11-18T19:37:00.000Z,89,,
2025-11-18T19:37:00.000Z,,,
2025-11-18T19:37:00.000Z,,60,30
2025-11-18T19:38:00.000Z,,,
2025-11-18T19:38:00.000Z,,65,30
2025-11-18T19:39:00.000Z,86,,
2025-11-18T19:39:00.000Z,,44,30
2025-11-18T19:40:00.000Z,84,,
2025-11-18T19:40:00.000Z,,40,30
2025-11-18T19:41:00.000Z,93,,
2025-11-18T19:41:00.000Z,,65534,29
2025-11-18T19:42:00.000Z,88,,
2025-11-18T19:42:00.000Z,,45,29
2025-11-18T19:43:00.000Z,90,,
2025-11-18T19:43:00.000Z,,,
2025-11-18T19:43:00.000Z,,56,29
2025-11-18T19:44:00.000Z,,65534,29
2025-11-18T19:45:00.000Z,97,,
2025-11-18T19:45:00.000Z,,,
2025-11-18T19:45:00.000Z,,65534,29
2025-11-18T19:46:00.000Z,103,,
2025-11-18T19:46:00.000Z,,,
2025-11-18T19:46:00.000Z,,65534,29
2025-11-18T19:47:00.000Z,99,,
2025-11-18T19:47:00.000Z,,,
2025-11-18T19:47:00.000Z,,65534,29
2025-11-18T19:48:00.000Z,97,,
2025-11-18T19:48:00.000Z,,65534,29
2025-11-18T19:49:00.000Z,99,,
2025-11-18T19:49:00.000Z,,,
2025-11-18T19:49:00.000Z,,65534,29
2025-11-18T19:50:00.000Z,101,,
2025-11-18T19:50:00.000Z,,,
2025-11-18T19:50:00.000Z,,82,29
2025-11-18T19:51:00.000Z,100,,
2025-11-18T19:51:00.000Z,,,
2025-11-18T19:51:00.000Z,,65534,29
2025-11-18T19:52:00.000Z,104,,
2025-11-18T19:52:00.000Z,,65534,28
2025-11-18T19:53:00.000Z,103,,
2025-11-18T19:53:00.000Z,,65534,28
2025-11-18T19:54:00.000Z,104,,
2025-11-18T19:54:00.000Z,,65534,28
2025-11-18T19:55:00.000Z,107,,
2025-11-18T19:55:00.000Z,,65534,28
2025-11-18T19:56:00.000Z,109,,
2025-11-18T19:56:00.000Z,,65534,28
2025-11-18T19:57:00.000Z,102,,
2025-11-18T19:57:00.000Z,,65534,28
2025-11-18T19:58:00.000Z,100,,
2025-11-18T19:58:00.000Z,,65534,28
2025-11-18T19:59:00.000Z,109,,
2025-11-18T19:59:00.000Z,,65534,28
2025-11-18T20:00:00.000Z,112,,
2025-11-18T20:00:00.000Z,,,
2025-11-18T20:00:00.000Z,,65534,28
2025-11-18T20:01:00.000Z,113,,
2025-11-18T20:01:00.000Z,,65534,27
2025-11-18T20:02:00.000Z,,65534,27
2025-11-18T20:03:00.000Z,118,,
2025-11-18T20:03:00.000Z,,65534,27
2025-11-18T20:04:00.000Z,120,,
2025-11-18T20:04:00.000Z,,65534,27
2025-11-18T20:05:00.000Z,123,,
2025-11-18T20:05:00.000Z,,,
2025-11-18T20:05:00.000Z,,65534,27
2025-11-18T20:06:00.000Z,,65534,27
2025-11-18T20:07:00.000Z,116,,
2025-11-18T20:07:00.000Z,,65534,27
2025-11-18T20:08:00.000Z,119,,
2025-11-18T20:08:00.000Z,,65534,27
2025-11-18T20:09:00.000Z,122,,
2025-11-18T20:09:00.000Z,,65534,27
2025-11-18T20:10:00.000Z,125,,
2025-11-18T20:10:00.000Z,,65534,27
2025-11-18T20:11:00.000Z,122,,
2025-11-18T20:11:00.000Z,,65534,27
2025-11-18T20:12:00.000Z,116,,
2025-11-18T20:12:00.000Z,,65534,27
2025-11-18T20:13:00.000Z,113,,
2025-11-18T20:13:00.000Z,,65534,27
2025-11-18T20:14:00.000Z,117,,
2025-11-18T20:14:00.000Z,,,
2025-11-18T20:14:00.000Z,,65534,26
2025-11-18T20:15:00.000Z,100,,
2025-11-18T20:15:00.000Z,,73,26
2025-11-18T20:16:00.000Z,99,,
2025-11-18T20:16:00.000Z,,79,26
2025-11-18T20:17:00.000Z,97,,
2025-11-18T20:17:00.000Z,,,
2025-11-18T20:17:00.000Z,,81,26
2025-11-18T20:18:00.000Z,94,,
2025-11-18T20:18:00.000Z,,64,26
2025-11-18T20:19:00.000Z,90,,
2025-11-18T20:19:00.000Z,,52,26
2025-11-18T20:20:00.000Z,88,,
2025-11-18T20:20:00.000Z,,60,26
2025-11-18T20:21:00.000Z,,36,26
2025-11-18T20:22:00.000Z,85,,
2025-11-18T20:22:00.000Z,,30,26
2025-11-18T20:23:00.000Z,,30,26
2025-11-18T20:24:00.000Z,82,,
2025-11-18T20:24:00.000Z,,27,26
2025-11-18T20:25:00.000Z,,25,26
2025-11-18T20:26:00.000Z,,,
2025-11-18T20:26:00.000Z,,27,26
2025-11-18T20:27:00.000Z,,28,26
2025-11-18T20:28:00.000Z,,28,26
2025-11-18T20:29:00.000Z,,28,26
2025-11-18T20:30:00.000Z,83,,
2025-11-18T20:30:00.000Z,,29,26
2025-11-18T20:31:00.000Z,86,,
2025-11-18T20:31:00.000Z,,33,26
2025-11-18T20:32:00.000Z,91,,
2025-11-18T20:32:00.000Z,,53,26
2025-11-18T20:33:00.000Z,96,,
2025-11-18T20:33:00.000Z,,72,26
2025-11-18T20:34:00.000Z,93,,
2025-11-18T20:34:00.000Z,,70,26
2025-11-18T20:35:00.000Z,94,,
2025-11-18T20:35:00.000Z,,70,26
2025-11-18T20:36:00.000Z,93,,
2025-11-18T20:36:00.000Z,,64,25
2025-11-18T20:37:00.000Z,91,,
2025-11-18T20:37:00.000Z,,58,25
2025-11-18T20:38:00.000Z,,55,25
2025-11-18T20:39:00.000Z,93,,
2025-11-18T20:39:00.000Z,,,
2025-11-18T20:39:00.000Z,,69,25
2025-11-18T20:40:00.000Z,95,,
2025-11-18T20:40:00.000Z,,53,25
2025-11-18T20:41:00.000Z,113,,
2025-11-18T20:41:00.000Z,,65534,25
2025-11-18T20:42:00.000Z,126,,
2025-11-18T20:42:00.000Z,,65534,25
2025-11-18T20:43:00.000Z,,65534,25
2025-11-18T20:44:00.000Z,139,,
2025-11-18T20:44:00.000Z,,65534,25
2025-11-18T20:45:00.000Z,133,,
2025-11-18T20:45:00.000Z,,,
2025-11-18T20:45:00.000Z,,,
2025-11-18T20:45:00.000Z,,65534,24
2025-11-18T20:46:00.000Z,131,,
2025-11-18T20:46:00.000Z,,65534,24
2025-11-18T20:47:00.000Z,126,,
2025-11-18T20:47:00.000Z,,,24
2025-11-18T20:48:00.000Z,,,
2025-11-18T20:48:00.000Z,,65534,24
2025-11-18T20:49:00.000Z,,98,24
2025-11-18T20:50:00.000Z,107,,
2025-11-18T20:50:00.000Z,,,
2025-11-18T20:50:00.000Z,,81,24
2025-11-18T20:51:00.000Z,99,,
2025-11-18T20:51:00.000Z,,,
2025-11-18T20:51:00.000Z,,86,23
2025-11-18T20:52:00.000Z,97,,
2025-11-18T20:52:00.000Z,,84,23
2025-11-18T20:53:00.000Z,95,,
2025-11-18T20:53:00.000Z,,76,23
2025-11-18T20:54:00.000Z,97,,
2025-11-18T20:54:00.000Z,,81,23
2025-11-18T20:55:00.000Z,,,
2025-11-18T20:55:00.000Z,,87,23
2025-11-18T20:56:00.000Z,100,,
2025-11-18T20:56:00.000Z,,,
2025-11-18T20:56:00.000Z,,84,23
2025-11-18T20:57:00.000Z,98,,
2025-11-18T20:57:00.000Z,,72,23
2025-11-18T20:58:00.000Z,,87,23
2025-11-18T20:59:00.000Z,99,,
2025-11-18T20:59:00.000Z,,74,23
2025-11-18T21:00:00.000Z,103,,
2025-11-18T21:00:00.000Z,,79,22
2025-11-18T21:01:00.000Z,95,,
2025-11-18T21:01:00.000Z,,84,22
2025-11-18T21:02:00.000Z,96,,
2025-11-18T21:02:00.000Z,,80,22
2025-11-18T21:03:00.000Z,,75,22
2025-11-18T21:04:00.000Z,94,,
2025-11-18T21:04:00.000Z,,79,22
2025-11-18T21:05:00.000Z,,,
2025-11-18T21:05:00.000Z,,77,22
2025-11-18T21:06:00.000Z,92,,
2025-11-18T21:06:00.000Z,,78,22
2025-11-18T21:07:00.000Z,93,,
2025-11-18T21:07:00.000Z,,77,22
2025-11-18T21:08:00.000Z,95,,
2025-11-18T21:08:00.000Z,,66,22
2025-11-18T21:09:00.000Z,94,,
2025-11-18T21:09:00.000Z,,62,22
2025-11-18T21:10:00.000Z,92,,
2025-11-18T21:10:00.000Z,,83,22
2025-11-18T21:11:00.000Z,95,,
2025-11-18T21:11:00.000Z,,79,22
2025-11-18T21:12:00.000Z,94,,
2025-11-18T21:12:00.000Z,,72,21
2025-11-18T21:13:00.000Z,93,,
2025-11-18T21:13:00.000Z,,65,21
2025-11-18T21:14:00.000Z,97,,
2025-11-18T21:14:00.000Z,,,
2025-11-18T21:14:00.000Z,,42,21
2025-11-18T21:15:00.000Z,95,,
2025-11-18T21:15:00.000Z,,,
2025-11-18T21:15:00.000Z,,68,21
2025-11-18T21:16:00.000Z,93,,
2025-11-18T21:16:00.000Z,,75,21
2025-11-18T21:17:00.000Z,90,,
2025-11-18T21:17:00.000Z,,64,21
2025-11-18T21:18:00.000Z,,72,21
2025-11-18T21:19:00.000Z,92,,
2025-11-18T21:19:00.000Z,,60,21
2025-11-18T21:20:00.000Z,89,,
2025-11-18T21:20:00.000Z,,68,21
2025-11-18T21:21:00.000Z,87,,
2025-11-18T21:21:00.000Z,,,
2025-11-18T21:21:00.000Z,,46,21
2025-11-18T21:22:00.000Z,89,,
2025-11-18T21:22:00.000Z,,33,21
2025-11-18T21:23:00.000Z,90,,
2025-11-18T21:23:00.000Z,,,
2025-11-18T21:23:00.000Z,,70,21
2025-11-18T21:24:00.000Z,,,
2025-11-18T21:24:00.000Z,,56,21
2025-11-18T21:25:00.000Z,,33,21
2025-11-18T21:26:00.000Z,91,,
2025-11-18T21:26:00.000Z,,45,20
2025-11-18T21:27:00.000Z,93,,
2025-11-18T21:27:00.000Z,,,
2025-11-18T21:27:00.000Z,,,
2025-11-18T21:27:00.000Z,,,
2025-11-18T21:27:00.000Z,,,
2025-11-18T21:27:00.000Z,,,
2025-11-18T21:27:00.000Z,,66,20
2025-11-18T21:27:00.000Z,,,
2025-11-18T21:27:00.000Z,,,
2025-11-18T21:27:00.000Z,,,
2025-11-18T21:27:00.000Z,,,
2025-11-18T21:28:00.000Z,90,,
2025-11-18T21:28:00.000Z,,,
2025-11-18T21:28:00.000Z,,,
2025-11-18T21:28:00.000Z,,,
2025-11-18T21:28:00.000Z,,,
2025-11-18T21:28:00.000Z,,,
2025-11-18T21:28:00.000Z,,57,20
2025-11-18T21:28:00.000Z,,,
2025-11-18T21:28:00.000Z,,,
2025-11-18T21:28:00.000Z,,,
2025-11-18T21:28:00.000Z,,,
2025-11-18T21:29:00.000Z,85,,
2025-11-18T21:29:00.000Z,,32,20
2025-11-18T21:30:00.000Z,88,,
2025-11-18T21:30:00.000Z,,54,20
2025-11-18T21:31:00.000Z,,59,20
2025-11-18T21:32:00.000Z,92,,
2025-11-18T21:32:00.000Z,,57,20
2025-11-18T21:33:00.000Z,91,,
2025-11-18T21:33:00.000Z,,50,20
2025-11-18T21:34:00.000Z,90,,
2025-11-18T21:34:00.000Z,,,
2025-11-18T21:34:00.000Z,,48,20
2025-11-18T21:35:00.000Z,100,,
2025-11-18T21:35:00.000Z,,65534,20
2025-11-18T21:36:00.000Z,113,,
2025-11-18T21:36:00.000Z,,65534,20
2025-11-18T21:37:00.000Z,114,,
2025-11-18T21:37:00.000Z,,65534,20
2025-11-18T21:38:00.000Z,104,,
2025-11-18T21:38:00.000Z,,86,20
2025-11-18T21:39:00.000Z,108,,
2025-11-18T21:39:00.000Z,,65534,20
2025-11-18T21:40:00.000Z,110,,
2025-11-18T21:40:00.000Z,,82,19
2025-11-18T21:41:00.000Z,114,,
2025-11-18T21:41:00.000Z,,65534,19
2025-11-18T21:42:00.000Z,125,,
2025-11-18T21:42:00.000Z,,65534,19
2025-11-18T21:43:00.000Z,128,,
2025-11-18T21:43:00.000Z,,65534,19
2025-11-18T21:44:00.000Z,121,,
2025-11-18T21:44:00.000Z,,,19
2025-11-18T21:45:00.000Z,105,,
2025-11-18T21:45:00.000Z,,,
2025-11-18T21:45:00.000Z,,65534,19
2025-11-18T21:46:00.000Z,110,,
2025-11-18T21:46:00.000Z,,,
2025-11-18T21:46:00.000Z,,92,19
2025-11-18T21:47:00.000Z,99,,
2025-11-18T21:47:00.000Z,,80,19
2025-11-18T21:48:00.000Z,93,,
2025-11-18T21:48:00.000Z,,59,19
2025-11-18T21:49:00.000Z,97,,
2025-11-18T21:49:00.000Z,,60,19
2025-11-18T21:50:00.000Z,95,,
2025-11-18T21:50:00.000Z,,58,19
2025-11-18T21:51:00.000Z,94,,
2025-11-18T21:51:00.000Z,,60,19
2025-11-18T21:52:00.000Z,,59,19
2025-11-18T21:53:00.000Z,92,,
2025-11-18T21:53:00.000Z,,78,19
2025-11-18T21:54:00.000Z,93,,
2025-11-18T21:54:00.000Z,,,
2025-11-18T21:54:00.000Z,,51,19
2025-11-18T21:55:00.000Z,94,,
2025-11-18T21:55:00.000Z,,,
2025-11-18T21:55:00.000Z,,,
2025-11-18T21:55:00.000Z,,,
2025-11-18T21:55:00.000Z,,,
2025-11-18T21:55:00.000Z,,,
2025-11-18T21:55:00.000Z,,73,18
2025-11-18T21:55:00.000Z,,,
2025-11-18T21:55:00.000Z,,,
2025-11-18T21:55:00.000Z,,,
2025-11-18T21:55:00.000Z,,,
2025-11-18T21:56:00.000Z,101,,
2025-11-18T21:56:00.000Z,,65534,18
2025-11-18T21:57:00.000Z,109,,
2025-11-18T21:57:00.000Z,,92,18
2025-11-18T21:58:00.000Z,108,,
2025-11-18T21:58:00.000Z,,,
2025-11-18T21:58:00.000Z,,82,18
2025-11-18T21:59:00.000Z,100,,
2025-11-18T21:59:00.000Z,,80,18
2025-11-18T22:00:00.000Z,94,,
2025-11-18T22:00:00.000Z,,77,18
2025-11-18T22:01:00.000Z,100,,
2025-11-18T22:01:00.000Z,,80,18
2025-11-18T22:02:00.000Z,97,,
2025-11-18T22:02:00.000Z,,79,18
2025-11-18T22:03:00.000Z,92,,
2025-11-18T22:03:00.000Z,,,
2025-11-18T22:03:00.000Z,,78,18
2025-11-18T22:04:00.000Z,97,,
2025-11-18T22:04:00.000Z,,,
2025-11-18T22:04:00.000Z,,65534,18
2025-11-18T22:05:00.000Z,110,,
2025-11-18T22:05:00.000Z,,,
2025-11-18T22:05:00.000Z,,73,18
2025-11-18T22:06:00.000Z,117,,
2025-11-18T22:06:00.000Z,,65534,18
2025-11-18T22:07:00.000Z,118,,
2025-11-18T22:07:00.000Z,,,
2025-11-18T22:07:00.000Z,,92,18
2025-11-18T22:08:00.000Z,98,,
2025-11-18T22:08:00.000Z,,79,18
2025-11-18T22:09:00.000Z,90,,
2025-11-18T22:09:00.000Z,,40,17
2025-11-18T22:10:00.000Z,88,,
2025-11-18T22:10:00.000Z,,40,17
2025-11-18T22:11:00.000Z,,39,17
2025-11-18T22:12:00.000Z,92,,
2025-11-18T22:12:00.000Z,,63,17
2025-11-18T22:13:00.000Z,90,,
2025-11-18T22:13:00.000Z,,66,17
2025-11-18T22:14:00.000Z,,52,17
2025-11-18T22:15:00.000Z,92,,
2025-11-18T22:15:00.000Z,,,
2025-11-18T22:15:00.000Z,,53,17
2025-11-18T22:16:00.000Z,97,,
2025-11-18T22:16:00.000Z,,,
2025-11-18T22:16:00.000Z,,75,17
2025-11-18T22:17:00.000Z,105,,
2025-11-18T22:17:00.000Z,,45,17
2025-11-18T22:18:00.000Z,,54,17
2025-11-18T22:19:00.000Z,106,,
2025-11-18T22:19:00.000Z,,,
2025-11-18T22:19:00.000Z,,63,16
2025-11-18T22:20:00.000Z,109,,
2025-11-18T22:20:00.000Z,,,
2025-11-18T22:20:00.000Z,,90,16
2025-11-18T22:21:00.000Z,132,,
2025-11-18T22:21:00.000Z,,91,16
2025-11-18T22:22:00.000Z,110,,
2025-11-18T22:22:00.000Z,,85,16
2025-11-18T22:23:00.000Z,114,,
2025-11-18T22:23:00.000Z,,95,16
2025-11-18T22:24:00.000Z,121,,
2025-11-18T22:24:00.000Z,,85,16
2025-11-18T22:25:00.000Z,128,,
2025-11-18T22:25:00.000Z,,96,16
2025-11-18T22:26:00.000Z,107,,
2025-11-18T22:26:00.000Z,,82,16
2025-11-18T22:27:00.000Z,109,,
2025-11-18T22:27:00.000Z,,,
2025-11-18T22:27:00.000Z,,72,15
2025-11-18T22:28:00.000Z,112,,
2025-11-18T22:28:00.000Z,,84,15
2025-11-18T22:29:00.000Z,123,,
2025-11-18T22:29:00.000Z,,,
2025-11-18T22:29:00.000Z,,85,15
2025-11-18T22:30:00.000Z,127,,
2025-11-18T22:30:00.000Z,,,
2025-11-18T22:30:00.000Z,,99,15
2025-11-18T22:31:00.000Z,125,,
2025-11-18T22:31:00.000Z,,97,15
2025-11-18T22:32:00.000Z,123,,
2025-11-18T22:32:00.000Z,,93,15
2025-11-18T22:33:00.000Z,125,,
2025-11-18T22:33:00.000Z,,99,15
2025-11-18T22:34:00.000Z,,,
2025-11-18T22:34:00.000Z,,99,15
2025-11-18T22:35:00.000Z,129,,
2025-11-18T22:35:00.000Z,,99,15
2025-11-18T22:36:00.000Z,132,,
2025-11-18T22:36:00.000Z,,,
2025-11-18T22:36:00.000Z,,93,15
2025-11-18T22:37:00.000Z,,96,15
2025-11-18T22:38:00.000Z,134,,
2025-11-18T22:38:00.000Z,,,
2025-11-18T22:38:00.000Z,,96,14
2025-11-18T22:39:00.000Z,130,,
2025-11-18T22:39:00.000Z,,,
2025-11-18T22:39:00.000Z,,,
2025-11-18T22:39:00.000Z,,90,14
2025-11-18T22:40:00.000Z,126,,
2025-11-18T22:40:00.000Z,,63,14
2025-11-18T22:41:00.000Z,120,,
2025-11-18T22:41:00.000Z,,,
2025-11-18T22:41:00.000Z,,88,14
2025-11-18T22:42:00.000Z,119,,
2025-11-18T22:42:00.000Z,,,
2025-11-18T22:42:00.000Z,,59,14
2025-11-18T22:43:00.000Z,114,,
2025-11-18T22:43:00.000Z,,,14
2025-11-18T22:44:00.000Z,109,,
2025-11-18T22:44:00.000Z,,,14
2025-11-18T22:45:00.000Z,107,,
2025-11-18T22:45:00.000Z,,,
2025-11-18T22:45:00.000Z,,,14
2025-11-18T22:46:00.000Z,106,,
2025-11-18T22:46:00.000Z,,,
2025-11-18T22:46:00.000Z,,,14
2025-11-18T22:47:00.000Z,92,,
2025-11-18T22:47:00.000Z,,,14
2025-11-18T22:48:00.000Z,91,,
2025-11-18T22:48:00.000Z,,,
2025-11-18T22:48:00.000Z,,,14
2025-11-18T22:49:00.000Z,92,,
2025-11-18T22:49:00.000Z,,,
2025-11-18T22:49:00.000Z,,,14
2025-11-18T22:50:00.000Z,91,,
2025-11-18T22:50:00.000Z,,,14
2025-11-18T22:51:00.000Z,92,,
2025-11-18T22:51:00.000Z,,,14
2025-11-18T22:52:00.000Z,,,
2025-11-18T22:52:00.000Z,,,14
2025-11-18T22:53:00.000Z,94,,
2025-11-18T22:53:00.000Z,,,14
2025-11-18T22:54:00.000Z,,18,14
2025-11-18T22:55:00.000Z,92,,
2025-11-18T22:55:00.000Z,,20,14
2025-11-18T22:56:00.000Z,89,,
2025-11-18T22:56:00.000Z,,20,14
2025-11-18T22:57:00.000Z,88,,
2025-11-18T22:57:00.000Z,,,
2025-11-18T22:57:00.000Z,,,14
2025-11-18T22:58:00.000Z,86,,
2025-11-18T22:58:00.000Z,,,
2025-11-18T22:58:00.000Z,,20,14
2025-11-18T22:59:00.000Z,84,,
2025-11-18T22:59:00.000Z,,,14
2025-11-18T23:00:00.000Z,85,,
2025-11-18T23:00:00.000Z,,,
2025-11-18T23:00:00.000Z,,18,14
2025-11-18T23:01:00.000Z,81,,
2025-11-18T23:01:00.000Z,,,
2025-11-18T23:01:00.000Z,,19,14
2025-11-18T23:02:00.000Z,83,,
2025-11-18T23:02:00.000Z,,,
2025-11-18T23:02:00.000Z,,37,14
2025-11-18T23:03:00.000Z,84,,
2025-11-18T23:03:00.000Z,,,
2025-11-18T23:03:00.000Z,,45,14
2025-11-18T23:04:00.000Z,88,,
2025-11-18T23:04:00.000Z,,,
2025-11-18T23:04:00.000Z,,34,14
2025-11-18T23:05:00.000Z,84,,
2025-11-18T23:05:00.000Z,,,
2025-11-18T23:05:00.000Z,,30,14
2025-11-18T23:06:00.000Z,,,
2025-11-18T23:06:00.000Z,,51,14
2025-11-18T23:07:00.000Z,86,,
2025-11-18T23:07:00.000Z,,,
2025-11-18T23:07:00.000Z,,66,14
2025-11-18T23:08:00.000Z,85,,
2025-11-18T23:08:00.000Z,,47,14
2025-11-18T23:09:00.000Z,84,,
2025-11-18T23:09:00.000Z,,,
2025-11-18T23:09:00.000Z,,57,14
2025-11-18T23:10:00.000Z,,,
2025-11-18T23:10:00.000Z,,59,14
2025-11-18T23:11:00.000Z,83,,
2025-11-18T23:11:00.000Z,,57,14
2025-11-18T23:12:00.000Z,84,,
2025-11-18T23:12:00.000Z,,61,14
2025-11-18T23:13:00.000Z,83,,
2025-11-18T23:13:00.000Z,,38,14
2025-11-18T23:14:00.000Z,,54,14
2025-11-18T23:15:00.000Z,82,,
2025-11-18T23:15:00.000Z,,,
2025-11-18T23:15:00.000Z,,45,14
2025-11-18T23:16:00.000Z,83,,
2025-11-18T23:16:00.000Z,,,
2025-11-18T23:16:00.000Z,,41,14
2025-11-18T23:17:00.000Z,,,
2025-11-18T23:17:00.000Z,,32,14
2025-11-18T23:18:00.000Z,,,
2025-11-18T23:18:00.000Z,,,
2025-11-18T23:18:00.000Z,,,
2025-11-18T23:18:00.000Z,,,
2025-11-18T23:18:00.000Z,,,
2025-11-18T23:18:00.000Z,,19,14
2025-11-18T23:18:00.000Z,,,
2025-11-18T23:18:00.000Z,,,
2025-11-18T23:18:00.000Z,,,
2025-11-18T23:18:00.000Z,,,
2025-11-18T23:19:00.000Z,79,,
2025-11-18T23:19:00.000Z,,25,14
2025-11-18T23:20:00.000Z,81,,
2025-11-18T23:20:00.000Z,,,
2025-11-18T23:20:00.000Z,,,
2025-11-18T23:20:00.000Z,,,
2025-11-18T23:20:00.000Z,,,
2025-11-18T23:20:00.000Z,,,
2025-11-18T23:20:00.000Z,,42,14
2025-11-18T23:20:00.000Z,,,
2025-11-18T23:20:00.000Z,,,
2025-11-18T23:20:00.000Z,,,
2025-11-18T23:20:00.000Z,,,
2025-11-18T23:21:00.000Z,80,,
2025-11-18T23:21:00.000Z,,33,14
2025-11-18T23:22:00.000Z,,,
2025-11-18T23:22:00.000Z,,,
2025-11-18T23:22:00.000Z,,,
2025-11-18T23:22:00.000Z,,,
2025-11-18T23:22:00.000Z,,,
2025-11-18T23:22:00.000Z,,57,14
2025-11-18T23:22:00.000Z,,,
2025-11-18T23:22:00.000Z,,,
2025-11-18T23:22:00.000Z,,,
2025-11-18T23:22:00.000Z,,,
2025-11-18T23:23:00.000Z,79,,
2025-11-18T23:23:00.000Z,,25,14
2025-11-18T23:24:00.000Z,80,,
2025-11-18T23:24:00.000Z,,,
2025-11-18T23:24:00.000Z,,24,14
2025-11-18T23:25:00.000Z,79,,
2025-11-18T23:25:00.000Z,,,
2025-11-18T23:25:00.000Z,,27,13
2025-11-18T23:26:00.000Z,,31,13
2025-11-18T23:27:00.000Z,78,,
2025-11-18T23:27:00.000Z,,,
2025-11-18T23:27:00.000Z,,38,13
2025-11-18T23:28:00.000Z,75,,
2025-11-18T23:28:00.000Z,,,
2025-11-18T23:28:00.000Z,,21,13
2025-11-18T23:29:00.000Z,80,,
2025-11-18T23:29:00.000Z,,,
2025-11-18T23:29:00.000Z,,24,13
2025-11-18T23:30:00.000Z,79,,
2025-11-18T23:30:00.000Z,,,
2025-11-18T23:30:00.000Z,,19,13
2025-11-18T23:31:00.000Z,78,,
2025-11-18T23:31:00.000Z,,20,13
2025-11-18T23:32:00.000Z,79,,
2025-11-18T23:32:00.000Z,,27,13
2025-11-18T23:33:00.000Z,,23,13
2025-11-18T23:34:00.000Z,80,,
2025-11-18T23:34:00.000Z,,17,13
2025-11-18T23:35:00.000Z,,22,13
2025-11-18T23:36:00.000Z,,40,13
2025-11-18T23:37:00.000Z,82,,
2025-11-18T23:37:00.000Z,,25,13
2025-11-18T23:38:00.000Z,81,,
2025-11-18T23:38:00.000Z,,18,13
2025-11-18T23:39:00.000Z,83,,
2025-11-18T23:39:00.000Z,,,
2025-11-18T23:39:00.000Z,,32,13
2025-11-18T23:40:00.000Z,79,,
2025-11-18T23:40:00.000Z,,,
2025-11-18T23:40:00.000Z,,33,13
2025-11-18T23:41:00.000Z,80,,
2025-11-18T23:41:00.000Z,,50,13
2025-11-18T23:42:00.000Z,82,,
2025-11-18T23:42:00.000Z,,30,13
2025-11-18T23:43:00.000Z,78,,
2025-11-18T23:43:00.000Z,,23,13
2025-11-18T23:44:00.000Z,,23,13
2025-11-18T23:45:00.000Z,80,,
2025-11-18T23:45:00.000Z,,30,13
2025-11-18T23:46:00.000Z,83,,
2025-11-18T23:46:00.000Z,,51,13
2025-11-18T23:47:00.000Z,92,,
2025-11-18T23:47:00.000Z,,,
2025-11-18T23:47:00.000Z,,28,13
2025-11-18T23:48:00.000Z,100,,
2025-11-18T23:48:00.000Z,,65534,13
2025-11-18T23:49:00.000Z,107,,
2025-11-18T23:49:00.000Z,,,
2025-11-18T23:49:00.000Z,,65534,13
2025-11-18T23:50:00.000Z,94,,
2025-11-18T23:50:00.000Z,,,
2025-11-18T23:50:00.000Z,,,13
2025-11-18T23:51:00.000Z,90,,
2025-11-18T23:51:00.000Z,,61,13
2025-11-18T23:52:00.000Z,103,,
2025-11-18T23:52:00.000Z,,65534,13
2025-11-18T23:53:00.000Z,117,,
2025-11-18T23:53:00.000Z,,,
2025-11-18T23:53:00.000Z,,65534,13
2025-11-18T23:54:00.000Z,104,,
2025-11-18T23:54:00.000Z,,,
2025-11-18T23:54:00.000Z,,58,13
2025-11-18T23:55:00.000Z,90,,
2025-11-18T23:55:00.000Z,,25,13
2025-11-18T23:56:00.000Z,81,,
2025-11-18T23:56:00.000Z,,,
2025-11-18T23:56:00.000Z,,31,12
2025-11-18T23:57:00.000Z,83,,
2025-11-18T23:57:00.000Z,,45,12
2025-11-18T23:58:00.000Z,85,,
2025-11-18T23:58:00.000Z,,54,12
2025-11-18T23:59:00.000Z,88,,
2025-11-18T23:59:00.000Z,,43,12
2025-11-19T00:00:00.000Z,86,,
2025-11-19T00:00:00.000Z,,60,12
2025-11-19T00:01:00.000Z,87,,
2025-11-19T00:01:00.000Z,,51,12
2025-11-19T00:02:00.000Z,88,,
2025-11-19T00:02:00.000Z,,42,12
2025-11-19T00:03:00.000Z,89,,
2025-11-19T00:03:00.000Z,,57,12
2025-11-19T00:04:00.000Z,87,,
2025-11-19T00:04:00.000Z,,48,12
2025-11-19T00:05:00.000Z,90,,
2025-11-19T00:05:00.000Z,,,
2025-11-19T00:05:00.000Z,,42,12
2025-11-19T00:06:00.000Z,88,,
2025-11-19T00:06:00.000Z,,28,12
2025-11-19T00:07:00.000Z,86,,
2025-11-19T00:07:00.000Z,,,
2025-11-19T00:07:00.000Z,,35,12
2025-11-19T00:08:00.000Z,,30,12
2025-11-19T00:09:00.000Z,85,,
2025-11-19T00:09:00.000Z,,,
2025-11-19T00:09:00.000Z,,27,12
2025-11-19T00:10:00.000Z,87,,
2025-11-19T00:10:00.000Z,,45,12
2025-11-19T00:11:00.000Z,80,,
2025-11-19T00:11:00.000Z,,27,12
2025-11-19T00:12:00.000Z,77,,
2025-11-19T00:12:00.000Z,,,
2025-11-19T00:12:00.000Z,,24,12
2025-11-19T00:13:00.000Z,76,,
2025-11-19T00:13:00.000Z,,30,12
2025-11-19T00:14:00.000Z,78,,
2025-11-19T00:14:00.000Z,,32,12
2025-11-19T00:15:00.000Z,77,,
2025-11-19T00:15:00.000Z,,,
2025-11-19T00:15:00.000Z,,22,12
2025-11-19T00:16:00.000Z,,,
2025-11-19T00:16:00.000Z,,30,12
2025-11-19T00:17:00.000Z,76,,
2025-11-19T00:17:00.000Z,,30,12
2025-11-19T00:18:00.000Z,78,,
2025-11-19T00:18:00.000Z,,30,12
2025-11-19T00:19:00.000Z,77,,
2025-11-19T00:19:00.000Z,,32,12
2025-11-19T00:20:00.000Z,78,,
2025-11-19T00:20:00.000Z,,,
2025-11-19T00:20:00.000Z,,39,12
2025-11-19T00:22:00.000Z,93,,
2025-11-19T00:22:00.000Z,,,
2025-11-19T00:22:00.000Z,,65534,12
2025-11-19T00:23:00.000Z,94,,
2025-11-19T00:23:00.000Z,,64,12
2025-11-19T00:24:00.000Z,98,,
2025-11-19T00:24:00.000Z,,,
2025-11-19T00:24:00.000Z,,,
2025-11-19T00:24:00.000Z,,,
2025-11-19T00:24:00.000Z,,,
2025-11-19T00:24:00.000Z,,,
2025-11-19T00:24:00.000Z,,65534,12
2025-11-19T00:24:00.000Z,,,
2025-11-19T00:24:00.000Z,,,
2025-11-19T00:24:00.000Z,,,
2025-11-19T00:24:00.000Z,,,
2025-11-19T00:25:00.000Z,,78,12
2025-11-19T00:26:00.000Z,103,,
2025-11-19T00:26:00.000Z,,65534,12
2025-11-19T00:27:00.000Z,117,,
2025-11-19T00:27:00.000Z,,65534,12
2025-11-19T00:28:00.000Z,124,,
2025-11-19T00:28:00.000Z,,65534,11
2025-11-19T00:29:00.000Z,126,,
2025-11-19T00:29:00.000Z,,,
2025-11-19T00:29:00.000Z,,,
2025-11-19T00:29:00.000Z,,,
2025-11-19T00:29:00.000Z,,,
2025-11-19T00:29:00.000Z,,,
2025-11-19T00:29:00.000Z,,65534,11
2025-11-19T00:29:00.000Z,,,
2025-11-19T00:29:00.000Z,,,
2025-11-19T00:29:00.000Z,,,
2025-11-19T00:29:00.000Z,,,
2025-11-19T00:30:00.000Z,115,,
2025-11-19T00:30:00.000Z,,,
2025-11-19T00:30:00.000Z,,,11
2025-11-19T00:31:00.000Z,99,,
2025-11-19T00:31:00.000Z,,52,11
2025-11-19T00:32:00.000Z,98,,
2025-11-19T00:32:00.000Z,,84,11
2025-11-19T00:33:00.000Z,100,,
2025-11-19T00:33:00.000Z,,72,11
2025-11-19T00:34:00.000Z,96,,
2025-11-19T00:34:00.000Z,,69,11
2025-11-19T00:35:00.000Z,89,,
2025-11-19T00:35:00.000Z,,48,11
2025-11-19T00:36:00.000Z,93,,
2025-11-19T00:36:00.000Z,,67,11
2025-11-19T00:37:00.000Z,92,,
2025-11-19T00:37:00.000Z,,53,11
2025-11-19T00:38:00.000Z,88,,
2025-11-19T00:38:00.000Z,,57,11
2025-11-19T00:39:00.000Z,90,,
2025-11-19T00:39:00.000Z,,52,11
2025-11-19T00:40:00.000Z,88,,
2025-11-19T00:40:00.000Z,,56,11
2025-11-19T00:41:00.000Z,91,,
2025-11-19T00:41:00.000Z,,,
2025-11-19T00:41:00.000Z,,69,11
2025-11-19T00:42:00.000Z,90,,
2025-11-19T00:42:00.000Z,,,
2025-11-19T00:42:00.000Z,,48,11
2025-11-19T00:43:00.000Z,83,,
2025-11-19T00:43:00.000Z,,48,11
2025-11-19T00:44:00.000Z,81,,
2025-11-19T00:44:00.000Z,,38,11
2025-11-19T00:45:00.000Z,79,,
2025-11-19T00:45:00.000Z,,27,10
2025-11-19T00:46:00.000Z,86,,
2025-11-19T00:46:00.000Z,,48,10
2025-11-19T00:47:00.000Z,87,,
2025-11-19T00:47:00.000Z,,45,10
2025-11-19T00:48:00.000Z,82,,
2025-11-19T00:48:00.000Z,,35,10
2025-11-19T00:49:00.000Z,80,,
2025-11-19T00:49:00.000Z,,36,10
2025-11-19T00:50:00.000Z,85,,
2025-11-19T00:50:00.000Z,,30,10
2025-11-19T00:51:00.000Z,81,,
2025-11-19T00:51:00.000Z,,30,10
2025-11-19T00:52:00.000Z,85,,
2025-11-19T00:52:00.000Z,,33,10
2025-11-19T00:53:00.000Z,92,,
2025-11-19T00:53:00.000Z,,51,10
2025-11-19T00:54:00.000Z,,65534,10
2025-11-19T00:55:00.000Z,82,,
2025-11-19T00:55:00.000Z,,48,10
2025-11-19T00:56:00.000Z,78,,
2025-11-19T00:56:00.000Z,,,
2025-11-19T00:56:00.000Z,,42,10
2025-11-19T00:57:00.000Z,84,,
2025-11-19T00:57:00.000Z,,,
2025-11-19T00:57:00.000Z,,39,10
2025-11-19T00:58:00.000Z,,,
2025-11-19T00:58:00.000Z,,36,10
2025-11-19T00:59:00.000Z,88,,
2025-11-19T00:59:00.000Z,,,
2025-11-19T00:59:00.000Z,,,
2025-11-19T00:59:00.000Z,,,
2025-11-19T00:59:00.000Z,,,
2025-11-19T00:59:00.000Z,,,
2025-11-19T00:59:00.000Z,,65534,10
2025-11-19T00:59:00.000Z,,,
2025-11-19T00:59:00.000Z,,,
2025-11-19T00:59:00.000Z,,,
2025-11-19T00:59:00.000Z,,,
2025-11-19T01:00:00.000Z,,,
2025-11-19T01:00:00.000Z,,65534,10
2025-11-19T01:01:00.000Z,102,,
2025-11-19T01:01:00.000Z,,65534,10
2025-11-19T01:02:00.000Z,114,,
2025-11-19T01:02:00.000Z,,65534,10
2025-11-19T01:03:00.000Z,118,,
2025-11-19T01:03:00.000Z,,65534,10
2025-11-19T01:04:00.000Z,120,,
2025-11-19T01:04:00.000Z,,65534,10
2025-11-19T01:05:00.000Z,114,,
2025-11-19T01:05:00.000Z,,,10
2025-11-19T01:06:00.000Z,113,,
2025-11-19T01:06:00.000Z,,,
2025-11-19T01:06:00.000Z,,,10
2025-11-19T01:07:00.000Z,108,,
2025-11-19T01:07:00.000Z,,,
2025-11-19T01:07:00.000Z,,79,10
2025-11-19T01:08:00.000Z,99,,
2025-11-19T01:08:00.000Z,,56,10
2025-11-19T01:09:00.000Z,,,
2025-11-19T01:09:00.000Z,,74,10
2025-11-19T01:10:00.000Z,103,,
2025-11-19T01:10:00.000Z,,,
2025-11-19T01:10:00.000Z,,54,10
2025-11-19T01:11:00.000Z,97,,
2025-11-19T01:11:00.000Z,,,
2025-11-19T01:11:00.000Z,,73,9
2025-11-19T01:12:00.000Z,101,,
2025-11-19T01:12:00.000Z,,,
2025-11-19T01:12:00.000Z,,,
2025-11-19T01:12:00.000Z,,,
2025-11-19T01:12:00.000Z,,,
2025-11-19T01:12:00.000Z,,,
2025-11-19T01:12:00.000Z,,65534,9
2025-11-19T01:12:00.000Z,,,
2025-11-19T01:12:00.000Z,,,
2025-11-19T01:12:00.000Z,,,
2025-11-19T01:12:00.000Z,,,
2025-11-19T01:13:00.000Z,100,,
2025-11-19T01:13:00.000Z,,65534,9
2025-11-19T01:14:00.000Z,116,,
2025-11-19T01:14:00.000Z,,65534,9
2025-11-19T01:15:00.000Z,121,,
2025-11-19T01:15:00.000Z,,,
2025-11-19T01:15:00.000Z,,65534,9
2025-11-19T01:16:00.000Z,117,,
2025-11-19T01:16:00.000Z,,65534,9
2025-11-19T01:17:00.000Z,121,,
2025-11-19T01:17:00.000Z,,65534,9
2025-11-19T01:18:00.000Z,125,,
2025-11-19T01:18:00.000Z,,65534,9
2025-11-19T01:19:00.000Z,,65534,9
2025-11-19T01:20:00.000Z,123,,
2025-11-19T01:20:00.000Z,,65534,9
2025-11-19T01:21:00.000Z,126,,
2025-11-19T01:21:00.000Z,,65534,9
2025-11-19T01:22:00.000Z,123,,
2025-11-19T01:22:00.000Z,,65534,9
2025-11-19T01:23:00.000Z,,65534,9
2025-11-19T01:24:00.000Z,122,,
2025-11-19T01:24:00.000Z,,65534,9
2025-11-19T01:25:00.000Z,123,,
2025-11-19T01:25:00.000Z,,65534,9
2025-11-19T01:26:00.000Z,,65534,9
2025-11-19T01:27:00.000Z,120,,
2025-11-19T01:27:00.000Z,,,
2025-11-19T01:27:00.000Z,,65534,9
2025-11-19T01:28:00.000Z,116,,
2025-11-19T01:28:00.000Z,,65534,9
2025-11-19T01:29:00.000Z,119,,
2025-11-19T01:29:00.000Z,,65534,9
2025-11-19T01:30:00.000Z,122,,
2025-11-19T01:30:00.000Z,,,
2025-11-19T01:30:00.000Z,,65534,9
2025-11-19T01:31:00.000Z,124,,
2025-11-19T01:31:00.000Z,,65534,9
2025-11-19T01:32:00.000Z,117,,
2025-11-19T01:32:00.000Z,,,
2025-11-19T01:32:00.000Z,,92,9
2025-11-19T01:33:00.000Z,109,,
2025-11-19T01:33:00.000Z,,86,9
2025-11-19T01:34:00.000Z,110,,
2025-11-19T01:34:00.000Z,,,
2025-11-19T01:34:00.000Z,,65534,9
2025-11-19T01:35:00.000Z,107,,
2025-11-19T01:35:00.000Z,,65534,8
2025-11-19T01:36:00.000Z,113,,
2025-11-19T01:36:00.000Z,,,
2025-11-19T01:36:00.000Z,,65534,8
2025-11-19T01:37:00.000Z,110,,
2025-11-19T01:37:00.000Z,,,
2025-11-19T01:37:00.000Z,,88,8
2025-11-19T01:38:00.000Z,104,,
2025-11-19T01:38:00.000Z,,87,8
2025-11-19T01:39:00.000Z,101,,
2025-11-19T01:39:00.000Z,,65534,8
2025-11-19T01:40:00.000Z,109,,
2025-11-19T01:40:00.000Z,,65534,8
2025-11-19T01:41:00.000Z,108,,
2025-11-19T01:41:00.000Z,,65534,8
2025-11-19T01:42:00.000Z,103,,
2025-11-19T01:42:00.000Z,,,
2025-11-19T01:42:00.000Z,,65534,8
2025-11-19T01:43:00.000Z,104,,
2025-11-19T01:43:00.000Z,,,
2025-11-19T01:43:00.000Z,,65534,8
2025-11-19T01:44:00.000Z,100,,
2025-11-19T01:44:00.000Z,,65534,8
2025-11-19T01:45:00.000Z,98,,
2025-11-19T01:45:00.000Z,,78,8
2025-11-19T01:46:00.000Z,99,,
2025-11-19T01:46:00.000Z,,81,7
2025-11-19T01:47:00.000Z,96,,
2025-11-19T01:47:00.000Z,,78,7
2025-11-19T01:48:00.000Z,98,,
2025-11-19T01:48:00.000Z,,68,7
2025-11-19T01:49:00.000Z,96,,
2025-11-19T01:49:00.000Z,,78,7
2025-11-19T01:50:00.000Z,99,,
2025-11-19T01:50:00.000Z,,,
2025-11-19T01:50:00.000Z,,,
2025-11-19T01:50:00.000Z,,,
2025-11-19T01:50:00.000Z,,,
2025-11-19T01:50:00.000Z,,,
2025-11-19T01:50:00.000Z,,85,7
2025-11-19T01:50:00.000Z,,,
2025-11-19T01:50:00.000Z,,,
2025-11-19T01:50:00.000Z,,,
2025-11-19T01:50:00.000Z,,,
2025-11-19T01:51:00.000Z,101,,
2025-11-19T01:51:00.000Z,,73,7
2025-11-19T01:52:00.000Z,106,,
2025-11-19T01:52:00.000Z,,,
2025-11-19T01:52:00.000Z,,69,7
2025-11-19T01:53:00.000Z,98,,
2025-11-19T01:53:00.000Z,,46,7
2025-11-19T01:54:00.000Z,95,,
2025-11-19T01:54:00.000Z,,69,7
2025-11-19T01:55:00.000Z,96,,
2025-11-19T01:55:00.000Z,,57,7
2025-11-19T01:56:00.000Z,91,,
2025-11-19T01:56:00.000Z,,48,7
2025-11-19T01:57:00.000Z,,71,7
2025-11-19T01:58:00.000Z,95,,
2025-11-19T01:58:00.000Z,,42,7
2025-11-19T01:59:00.000Z,96,,
2025-11-19T01:59:00.000Z,,60,7
2025-11-19T02:00:00.000Z,99,,
2025-11-19T02:00:00.000Z,,,
2025-11-19T02:00:00.000Z,,71,7
2025-11-19T02:01:00.000Z,,65534,7
2025-11-19T02:02:00.000Z,97,,
2025-11-19T02:02:00.000Z,,,
2025-11-19T02:02:00.000Z,,65534,7
2025-11-19T02:03:00.000Z,110,,
2025-11-19T02:03:00.000Z,,,
2025-11-19T02:03:00.000Z,,66,7
2025-11-19T02:04:00.000Z,102,,
2025-11-19T02:04:00.000Z,,,
2025-11-19T02:04:00.000Z,,68,7
2025-11-19T02:05:00.000Z,96,,
2025-11-19T02:05:00.000Z,,,
2025-11-19T02:05:00.000Z,,62,6
2025-11-19T02:06:00.000Z,92,,
2025-11-19T02:06:00.000Z,,59,6
2025-11-19T02:07:00.000Z,,61,6
2025-11-19T02:08:00.000Z,,64,6
2025-11-19T02:09:00.000Z,90,,
2025-11-19T02:09:00.000Z,,46,6
2025-11-19T02:10:00.000Z,91,,
2025-11-19T02:10:00.000Z,,59,6
2025-11-19T02:11:00.000Z,88,,
2025-11-19T02:11:00.000Z,,63,6
2025-11-19T02:12:00.000Z,86,,
2025-11-19T02:12:00.000Z,,45,6
2025-11-19T02:13:00.000Z,,54,6
2025-11-19T02:14:00.000Z,89,,
2025-11-19T02:14:00.000Z,,49,6
2025-11-19T02:15:00.000Z,86,,
2025-11-19T02:15:00.000Z,,,
2025-11-19T02:15:00.000Z,,41,6
2025-11-19T02:16:00.000Z,87,,
2025-11-19T02:16:00.000Z,,,
2025-11-19T02:16:00.000Z,,51,6
2025-11-19T02:17:00.000Z,90,,
2025-11-19T02:17:00.000Z,,,
2025-11-19T02:17:00.000Z,,64,6
2025-11-19T02:18:00.000Z,93,,
2025-11-19T02:18:00.000Z,,65534,6
2025-11-19T02:19:00.000Z,99,,
2025-11-19T02:19:00.000Z,,,
2025-11-19T02:19:00.000Z,,65534,6
2025-11-19T02:20:00.000Z,92,,
2025-11-19T02:20:00.000Z,,48,6
2025-11-19T02:21:00.000Z,85,,
2025-11-19T02:21:00.000Z,,30,6
2025-11-19T02:22:00.000Z,77,,
2025-11-19T02:22:00.000Z,,,
2025-11-19T02:22:00.000Z,,29,6
2025-11-19T02:23:00.000Z,75,,
2025-11-19T02:23:00.000Z,,,
2025-11-19T02:23:00.000Z,,26,6
2025-11-19T02:24:00.000Z,73,,
2025-11-19T02:24:00.000Z,,20,6
2025-11-19T02:25:00.000Z,72,,
2025-11-19T02:25:00.000Z,,22,6
2025-11-19T02:26:00.000Z,74,,
2025-11-19T02:26:00.000Z,,23,6
2025-11-19T02:27:00.000Z,73,,
2025-11-19T02:27:00.000Z,,24,6
2025-11-19T02:28:00.000Z,71,,
2025-11-19T02:28:00.000Z,,,
2025-11-19T02:28:00.000Z,,20,6
2025-11-19T02:29:00.000Z,74,,
2025-11-19T02:29:00.000Z,,33,6
2025-11-19T02:30:00.000Z,77,,
2025-11-19T02:30:00.000Z,,29,6
2025-11-19T02:31:00.000Z,76,,
2025-11-19T02:31:00.000Z,,31,6
2025-11-19T02:32:00.000Z,81,,
2025-11-19T02:32:00.000Z,,29,5
2025-11-19T02:33:00.000Z,83,,
2025-11-19T02:33:00.000Z,,50,5
2025-11-19T02:34:00.000Z,87,,
2025-11-19T02:34:00.000Z,,39,5
2025-11-19T02:35:00.000Z,86,,
2025-11-19T02:35:00.000Z,,,
2025-11-19T02:35:00.000Z,,65534,5
2025-11-19T02:36:00.000Z,89,,
2025-11-19T02:36:00.000Z,,67,5
2025-11-19T02:37:00.000Z,94,,
2025-11-19T02:37:00.000Z,,,
2025-11-19T02:37:00.000Z,,67,5
2025-11-19T02:38:00.000Z,87,,
2025-11-19T02:38:00.000Z,,45,5
2025-11-19T02:39:00.000Z,84,,
2025-11-19T02:39:00.000Z,,,
2025-11-19T02:39:00.000Z,,59,5
2025-11-19T02:40:00.000Z,,59,5
2025-11-19T02:41:00.000Z,85,,
2025-11-19T02:41:00.000Z,,65534,5
2025-11-19T02:42:00.000Z,86,,
2025-11-19T02:42:00.000Z,,42,5
2025-11-19T02:43:00.000Z,93,,
2025-11-19T02:43:00.000Z,,65534,5
2025-11-19T02:44:00.000Z,90,,
2025-11-19T02:44:00.000Z,,,
2025-11-19T02:44:00.000Z,,65534,5
2025-11-19T02:45:00.000Z,95,,
2025-11-19T02:45:00.000Z,,,
2025-11-19T02:45:00.000Z,,40,5
2025-11-19T02:46:00.000Z,84,,
2025-11-19T02:46:00.000Z,,65534,5
2025-11-19T02:47:00.000Z,85,,
2025-11-19T02:47:00.000Z,,50,5
2025-11-19T02:48:00.000Z,87,,
2025-11-19T02:48:00.000Z,,22,5
2025-11-19T02:49:00.000Z,80,,
2025-11-19T02:49:00.000Z,,65534,5
2025-11-19T02:50:00.000Z,86,,
2025-11-19T02:50:00.000Z,,65534,5
2025-11-19T02:51:00.000Z,89,,
2025-11-19T02:51:00.000Z,,,
2025-11-19T02:51:00.000Z,,65534,5
2025-11-19T02:52:00.000Z,85,,
2025-11-19T02:52:00.000Z,,36,5
2025-11-19T02:53:00.000Z,80,,
2025-11-19T02:53:00.000Z,,,
2025-11-19T02:53:00.000Z,,32,5
2025-11-19T02:54:00.000Z,77,,
2025-11-19T02:54:00.000Z,,,
2025-11-19T02:54:00.000Z,,33,5
2025-11-19T02:55:00.000Z,75,,
2025-11-19T02:55:00.000Z,,25,5
2025-11-19T02:56:00.000Z,73,,
2025-11-19T02:56:00.000Z,,,
2025-11-19T02:56:00.000Z,,24,5
2025-11-19T02:57:00.000Z,74,,
2025-11-19T02:57:00.000Z,,21,5
2025-11-19T02:58:00.000Z,72,,
2025-11-19T02:58:00.000Z,,23,5
2025-11-19T02:59:00.000Z,71,,
2025-11-19T02:59:00.000Z,,,
2025-11-19T02:59:00.000Z,,23,5
2025-11-19T03:00:00.000Z,70,,
2025-11-19T03:00:00.000Z,,,
2025-11-19T03:00:00.000Z,,26,5
2025-11-19T03:01:00.000Z,73,,
2025-11-19T03:01:00.000Z,,,
2025-11-19T03:01:00.000Z,,29,5
2025-11-19T03:02:00.000Z,76,,
2025-11-19T03:02:00.000Z,,23,5
2025-11-19T03:03:00.000Z,75,,
2025-11-19T03:03:00.000Z,,23,5
2025-11-19T03:04:00.000Z,76,,
2025-11-19T03:04:00.000Z,,,
2025-11-19T03:04:00.000Z,,27,5
2025-11-19T03:05:00.000Z,77,,
2025-11-19T03:05:00.000Z,,,
2025-11-19T03:05:00.000Z,,29,5
2025-11-19T03:06:00.000Z,75,,
2025-11-19T03:06:00.000Z,,30,5
2025-11-19T03:07:00.000Z,,24,5
2025-11-19T03:08:00.000Z,81,,
2025-11-19T03:08:00.000Z,,37,5
2025-11-19T03:09:00.000Z,,24,5
2025-11-19T03:10:00.000Z,76,,
2025-11-19T03:10:00.000Z,,,
2025-11-19T03:10:00.000Z,,23,5
2025-11-19T03:11:00.000Z,74,,
2025-11-19T03:11:00.000Z,,21,5
2025-11-19T03:12:00.000Z,76,,
2025-11-19T03:12:00.000Z,,65534,5
2025-11-19T03:13:00.000Z,96,,
2025-11-19T03:13:00.000Z,,38,5
2025-11-19T03:14:00.000Z,93,,
2025-11-19T03:14:00.000Z,,,
2025-11-19T03:14:00.000Z,,65534,5
2025-11-19T03:15:00.000Z,97,,
2025-11-19T03:15:00.000Z,,62,5
2025-11-19T03:16:00.000Z,100,,
2025-11-19T03:16:00.000Z,,48,5
2025-11-19T03:17:00.000Z,85,,
2025-11-19T03:17:00.000Z,,36,5
2025-11-19T03:18:00.000Z,,42,5
2025-11-19T03:19:00.000Z,87,,
2025-11-19T03:19:00.000Z,,26,5
2025-11-19T03:20:00.000Z,79,,
2025-11-19T03:20:00.000Z,,23,5
2025-11-19T03:21:00.000Z,76,,
2025-11-19T03:21:00.000Z,,25,5
2025-11-19T03:22:00.000Z,84,,
2025-11-19T03:22:00.000Z,,33,5
2025-11-19T03:23:00.000Z,80,,
2025-11-19T03:23:00.000Z,,33,5
2025-11-19T03:24:00.000Z,84,,
2025-11-19T03:24:00.000Z,,72,5
2025-11-19T03:25:00.000Z,90,,
2025-11-19T03:25:00.000Z,,54,5
2025-11-19T03:26:00.000Z,89,,
2025-11-19T03:26:00.000Z,,35,5
2025-11-19T03:27:00.000Z,91,,
2025-11-19T03:27:00.000Z,,45,5
2025-11-19T03:28:00.000Z,89,,
2025-11-19T03:28:00.000Z,,,
2025-11-19T03:28:00.000Z,,45,5
2025-11-19T03:29:00.000Z,94,,
2025-11-19T03:29:00.000Z,,76,5
2025-11-19T03:30:00.000Z,,65534,5
2025-11-19T03:31:00.000Z,95,,
2025-11-19T03:31:00.000Z,,72,5
2025-11-19T03:32:00.000Z,,55,5
2025-11-19T03:33:00.000Z,93,,
2025-11-19T03:33:00.000Z,,72,5
2025-11-19T03:34:00.000Z,92,,
2025-11-19T03:34:00.000Z,,75,5
2025-11-19T03:35:00.000Z,91,,
2025-11-19T03:35:00.000Z,,78,5
2025-11-19T03:36:00.000Z,93,,
2025-11-19T03:36:00.000Z,,72,5
2025-11-19T03:37:00.000Z,96,,
2025-11-19T03:37:00.000Z,,83,5
2025-11-19T03:38:00.000Z,,69,5
2025-11-19T03:39:00.000Z,93,,
2025-11-19T03:39:00.000Z,,57,5
2025-11-19T03:40:00.000Z,87,,
2025-11-19T03:40:00.000Z,,,
2025-11-19T03:40:00.000Z,,55,5
2025-11-19T03:41:00.000Z,85,,
2025-11-19T03:41:00.000Z,,,
2025-11-19T03:41:00.000Z,,32,5
2025-11-19T03:42:00.000Z,81,,
2025-11-19T03:42:00.000Z,,37,5
2025-11-19T03:43:00.000Z,78,,
2025-11-19T03:43:00.000Z,,31,5
2025-11-19T03:44:00.000Z,79,,
2025-11-19T03:44:00.000Z,,,
2025-11-19T03:44:00.000Z,,27,5
2025-11-19T03:45:00.000Z,80,,
2025-11-19T03:45:00.000Z,,,
2025-11-19T03:45:00.000Z,,40,5
2025-11-19T03:46:00.000Z,84,,
2025-11-19T03:46:00.000Z,,37,5
2025-11-19T03:47:00.000Z,82,,
2025-11-19T03:47:00.000Z,,42,5
2025-11-19T03:48:00.000Z,,36,5
2025-11-19T03:49:00.000Z,83,,
2025-11-19T03:49:00.000Z,,27,5
2025-11-19T03:50:00.000Z,79,,
2025-11-19T03:50:00.000Z,,39,5
2025-11-19T03:51:00.000Z,82,,
2025-11-19T03:51:00.000Z,,44,5
2025-11-19T03:52:00.000Z,81,,
2025-11-19T03:52:00.000Z,,31,5
2025-11-19T03:53:00.000Z,83,,
2025-11-19T03:53:00.000Z,,24,5
2025-11-19T03:54:00.000Z,82,,
2025-11-19T03:54:00.000Z,,35,5
2025-11-19T03:55:00.000Z,81,,
2025-11-19T03:55:00.000Z,,30,5
2025-11-19T03:56:00.000Z,,,
2025-11-19T03:56:00.000Z,,34,5
2025-11-19T03:57:00.000Z,84,,
2025-11-19T03:57:00.000Z,,,
2025-11-19T03:57:00.000Z,,27,5
2025-11-19T03:58:00.000Z,82,,
2025-11-19T03:58:00.000Z,,,
2025-11-19T03:58:00.000Z,,30,5
2025-11-19T03:59:00.000Z,81,,
2025-11-19T03:59:00.000Z,,,
2025-11-19T03:59:00.000Z,,48,5
2025-11-19T04:00:00.000Z,,,
2025-11-19T04:00:00.000Z,,36,5
2025-11-19T04:01:00.000Z,82,,
2025-11-19T04:01:00.000Z,,,
2025-11-19T04:01:00.000Z,,30,5
2025-11-19T04:02:00.000Z,81,,
2025-11-19T04:02:00.000Z,,,
2025-11-19T04:02:00.000Z,,40,5
2025-11-19T04:03:00.000Z,80,,
2025-11-19T04:03:00.000Z,,,
2025-11-19T04:03:00.000Z,,65534,5
2025-11-19T04:04:00.000Z,96,,
2025-11-19T04:04:00.000Z,,34,5
2025-11-19T04:05:00.000Z,88,,
2025-11-19T04:05:00.000Z,,34,5
2025-11-19T04:06:00.000Z,81,,
2025-11-19T04:06:00.000Z,,,
2025-11-19T04:06:00.000Z,,19,5
2025-11-19T04:07:00.000Z,77,,
2025-11-19T04:07:00.000Z,,,
2025-11-19T04:07:00.000Z,,21,5
2025-11-19T04:08:00.000Z,81,,
2025-11-19T04:08:00.000Z,,46,5
2025-11-19T04:09:00.000Z,86,,
2025-11-19T04:09:00.000Z,,,
2025-11-19T04:09:00.000Z,,25,5
2025-11-19T04:10:00.000Z,81,,
2025-11-19T04:10:00.000Z,,,
2025-11-19T04:10:00.000Z,,65534,5
2025-11-19T04:11:00.000Z,95,,
2025-11-19T04:11:00.000Z,,,
2025-11-19T04:11:00.000Z,,49,5
2025-11-19T04:12:00.000Z,103,,
2025-11-19T04:12:00.000Z,,,
2025-11-19T04:12:00.000Z,,49,5
2025-11-19T04:13:00.000Z,91,,
2025-11-19T04:13:00.000Z,,65534,5
2025-11-19T04:14:00.000Z,88,,
2025-11-19T04:14:00.000Z,,,
2025-11-19T04:14:00.000Z,,42,5
2025-11-19T04:15:00.000Z,,25,5
2025-11-19T04:16:00.000Z,81,,
2025-11-19T04:16:00.000Z,,33,5
2025-11-19T04:17:00.000Z,77,,
2025-11-19T04:17:00.000Z,,,
2025-11-19T04:17:00.000Z,,31,5
2025-11-19T04:18:00.000Z,76,,
2025-11-19T04:18:00.000Z,,30,5
2025-11-19T04:19:00.000Z,74,,
2025-11-19T04:19:00.000Z,,31,5
2025-11-19T04:20:00.000Z,,30,5
2025-11-19T04:21:00.000Z,73,,
2025-11-19T04:21:00.000Z,,22,5
2025-11-19T04:22:00.000Z,,15,5
2025-11-19T04:23:00.000Z,,18,5
2025-11-19T04:24:00.000Z,,29,5
2025-11-19T04:25:00.000Z,,30,5
2025-11-19T04:26:00.000Z,74,,
2025-11-19T04:26:00.000Z,,,
2025-11-19T04:26:00.000Z,,29,5
2025-11-19T04:27:00.000Z,73,,
2025-11-19T04:27:00.000Z,,30,5
2025-11-19T04:28:00.000Z,75,,
2025-11-19T04:28:00.000Z,,,
2025-11-19T04:28:00.000Z,,22,5
2025-11-19T04:29:00.000Z,73,,
2025-11-19T04:29:00.000Z,,,
2025-11-19T04:29:00.000Z,,24,5
2025-11-19T04:30:00.000Z,78,,
2025-11-19T04:30:00.000Z,,25,5
2025-11-19T04:31:00.000Z,75,,
2025-11-19T04:31:00.000Z,,27,5
2025-11-19T04:32:00.000Z,,30,5
2025-11-19T04:33:00.000Z,74,,
2025-11-19T04:33:00.000Z,,20,5
2025-11-19T04:34:00.000Z,73,,
2025-11-19T04:34:00.000Z,,26,5
2025-11-19T04:35:00.000Z,74,,
2025-11-19T04:35:00.000Z,,21,5
2025-11-19T04:36:00.000Z,75,,
2025-11-19T04:36:00.000Z,,25,5
2025-11-19T04:37:00.000Z,74,,
2025-11-19T04:37:00.000Z,,23,5
2025-11-19T04:38:00.000Z,76,,
2025-11-19T04:38:00.000Z,,,
2025-11-19T04:38:00.000Z,,20,5
2025-11-19T04:39:00.000Z,78,,
2025-11-19T04:39:00.000Z,,,
2025-11-19T04:39:00.000Z,,26,5
2025-11-19T04:40:00.000Z,76,,
2025-11-19T04:40:00.000Z,,20,5
2025-11-19T04:41:00.000Z,74,,
2025-11-19T04:41:00.000Z,,21,5
2025-11-19T04:42:00.000Z,,25,5
2025-11-19T04:43:00.000Z,81,,
2025-11-19T04:43:00.000Z,,21,5
2025-11-19T04:44:00.000Z,78,,
2025-11-19T04:44:00.000Z,,33,5
2025-11-19T04:45:00.000Z,82,,
2025-11-19T04:45:00.000Z,,21,5
2025-11-19T04:46:00.000Z,77,,
2025-11-19T04:46:00.000Z,,65534,5
2025-11-19T04:47:00.000Z,93,,
2025-11-19T04:47:00.000Z,,31,5
2025-11-19T04:48:00.000Z,,20,5
2025-11-19T04:49:00.000Z,76,,
2025-11-19T04:49:00.000Z,,19,5
2025-11-19T04:50:00.000Z,73,,
2025-11-19T04:50:00.000Z,,28,5
2025-11-19T04:51:00.000Z,74,,
2025-11-19T04:51:00.000Z,,,
2025-11-19T04:51:00.000Z,,23,5
2025-11-19T04:52:00.000Z,75,,
2025-11-19T04:52:00.000Z,,,
2025-11-19T04:52:00.000Z,,24,5
2025-11-19T04:53:00.000Z,72,,
2025-11-19T04:53:00.000Z,,,
2025-11-19T04:53:00.000Z,,24,5
2025-11-19T04:54:00.000Z,77,,
2025-11-19T04:54:00.000Z,,,
2025-11-19T04:54:00.000Z,,23,5
2025-11-19T04:55:00.000Z,,,
2025-11-19T04:55:00.000Z,,65534,5
2025-11-19T04:56:00.000Z,91,,
2025-11-19T04:56:00.000Z,,46,5
2025-11-19T04:57:00.000Z,83,,
2025-11-19T04:57:00.000Z,,,
2025-11-19T04:57:00.000Z,,24,5
2025-11-19T04:58:00.000Z,74,,
2025-11-19T04:58:00.000Z,,22,5
2025-11-19T04:59:00.000Z,72,,
2025-11-19T04:59:00.000Z,,17,5
2025-11-19T05:00:00.000Z,70,,
2025-11-19T05:00:00.000Z,,,
2025-11-19T05:00:00.000Z,,,
2025-11-19T05:00:00.000Z,,,
2025-11-19T05:00:00.000Z,,,
2025-11-19T05:00:00.000Z,,,
2025-11-19T05:00:00.000Z,,16,5