datetime,date,time,hour,day_of_week,temperature_celsius,rain_mm,cloud_cover_percent,wind_speed_kmh
2025-10-27 00:00:00,2025-10-27,00:00:00,0,Monday,6.9,0.0,0,5.6
2025-10-27 01:00:00,2025-10-27,01:00:00,1,Monday,5.8,0.0,0,5.4
2025-10-27 02:00:00,2025-10-27,02:00:00,2,Monday,5.2,0.0,0,6.1
2025-10-27 03:00:00,2025-10-27,03:00:00,3,Monday,5.2,0.0,0,8.3
2025-10-27 04:00:00,2025-10-27,04:00:00,4,Monday,4.8,0.0,0,8.6
2025-10-27 05:00:00,2025-10-27,05:00:00,5,Monday,4.0,0.0,0,6.3
2025-10-27 06:00:00,2025-10-27,06:00:00,6,Monday,3.3,0.0,0,5.7
2025-10-27 07:00:00,2025-10-27,07:00:00,7,Monday,3.7,0.0,0,7.9
2025-10-27 08:00:00,2025-10-27,08:00:00,8,Monday,4.7,0.0,0,7.2
2025-10-27 09:00:00,2025-10-27,09:00:00,9,Monday,6.8,0.0,0,6.9
2025-10-27 10:00:00,2025-10-27,10:00:00,10,Monday,9.2,0.0,0,6.9
2025-10-27 11:00:00,2025-10-27,11:00:00,11,Monday,11.0,0.0,0,7.6
2025-10-27 12:00:00,2025-10-27,12:00:00,12,Monday,12.0,0.0,0,7.5
2025-10-27 13:00:00,2025-10-27,13:00:00,13,Monday,12.6,0.0,0,7.6
2025-10-27 14:00:00,2025-10-27,14:00:00,14,Monday,12.8,0.0,0,8.1
2025-10-27 15:00:00,2025-10-27,15:00:00,15,Monday,12.5,0.0,0,9.2
2025-10-27 16:00:00,2025-10-27,16:00:00,16,Monday,11.8,0.0,0,9.9
2025-10-27 17:00:00,2025-10-27,17:00:00,17,Monday,9.9,0.0,0,4.9
2025-10-27 18:00:00,2025-10-27,18:00:00,18,Monday,8.8,0.0,0,3.8
2025-10-27 19:00:00,2025-10-27,19:00:00,19,Monday,8.6,0.0,0,5.8
2025-10-27 20:00:00,2025-10-27,20:00:00,20,Monday,8.3,0.0,16,11.7
2025-10-27 21:00:00,2025-10-27,21:00:00,21,Monday,7.2,0.0,15,9.3
2025-10-27 22:00:00,2025-10-27,22:00:00,22,Monday,6.6,0.0,20,7.3
2025-10-27 23:00:00,2025-10-27,23:00:00,23,Monday,6.1,0.0,9,8.7
2025-10-28 00:00:00,2025-10-28,00:00:00,0,Tuesday,5.8,0.0,10,8.8
2025-10-28 01:00:00,2025-10-28,01:00:00,1,Tuesday,5.7,0.0,16,10.0
2025-10-28 02:00:00,2025-10-28,02:00:00,2,Tuesday,5.4,0.0,23,9.2
2025-10-28 03:00:00,2025-10-28,03:00:00,3,Tuesday,5.0,0.0,4,9.6
2025-10-28 04:00:00,2025-10-28,04:00:00,4,Tuesday,4.7,0.0,0,9.5
2025-10-28 05:00:00,2025-10-28,05:00:00,5,Tuesday,4.4,0.0,0,10.8
2025-10-28 06:00:00,2025-10-28,06:00:00,6,Tuesday,4.1,0.0,0,10.9
2025-10-28 07:00:00,2025-10-28,07:00:00,7,Tuesday,4.5,0.0,0,10.7
2025-10-28 08:00:00,2025-10-28,08:00:00,8,Tuesday,5.9,0.0,100,9.7
2025-10-28 09:00:00,2025-10-28,09:00:00,9,Tuesday,7.9,0.0,100,10.9
2025-10-28 10:00:00,2025-10-28,10:00:00,10,Tuesday,10.0,0.0,93,13.9
2025-10-28 11:00:00,2025-10-28,11:00:00,11,Tuesday,11.7,0.0,100,21.7
2025-10-28 12:00:00,2025-10-28,12:00:00,12,Tuesday,11.7,0.0,100,19.8
2025-10-28 13:00:00,2025-10-28,13:00:00,13,Tuesday,11.5,0.0,100,20.4
2025-10-28 14:00:00,2025-10-28,14:00:00,14,Tuesday,11.7,0.0,100,17.4
2025-10-28 15:00:00,2025-10-28,15:00:00,15,Tuesday,12.0,0.0,100,16.0
2025-10-28 16:00:00,2025-10-28,16:00:00,16,Tuesday,12.2,0.0,100,11.7
2025-10-28 17:00:00,2025-10-28,17:00:00,17,Tuesday,11.7,0.0,100,8.4
2025-10-28 18:00:00,2025-10-28,18:00:00,18,Tuesday,11.7,0.0,100,12.3
2025-10-28 19:00:00,2025-10-28,19:00:00,19,Tuesday,11.5,0.0,100,11.5
2025-10-28 20:00:00,2025-10-28,20:00:00,20,Tuesday,11.1,0.0,100,12.9
2025-10-28 21:00:00,2025-10-28,21:00:00,21,Tuesday,10.5,0.0,96,14.3
2025-10-28 22:00:00,2025-10-28,22:00:00,22,Tuesday,10.0,0.0,97,14.9
2025-10-28 23:00:00,2025-10-28,23:00:00,23,Tuesday,9.6,0.0,96,16.7
2025-10-29 00:00:00,2025-10-29,00:00:00,0,Wednesday,9.1,0.0,86,16.1
2025-10-29 01:00:00,2025-10-29,01:00:00,1,Wednesday,9.1,0.0,30,14.4
2025-10-29 02:00:00,2025-10-29,02:00:00,2,Wednesday,8.5,0.0,36,14.0
2025-10-29 03:00:00,2025-10-29,03:00:00,3,Wednesday,8.0,0.0,38,13.2
2025-10-29 04:00:00,2025-10-29,04:00:00,4,Wednesday,7.8,0.0,100,12.5
2025-10-29 05:00:00,2025-10-29,05:00:00,5,Wednesday,7.7,0.0,29,13.3
2025-10-29 06:00:00,2025-10-29,06:00:00,6,Wednesday,7.7,0.0,7,13.5
2025-10-29 07:00:00,2025-10-29,07:00:00,7,Wednesday,7.0,0.0,100,11.3
2025-10-29 08:00:00,2025-10-29,08:00:00,8,Wednesday,8.3,0.0,93,9.2
2025-10-29 09:00:00,2025-10-29,09:00:00,9,Wednesday,10.0,0.0,100,11.7
2025-10-29 10:00:00,2025-10-29,10:00:00,10,Wednesday,11.8,0.0,100,11.6
2025-10-29 11:00:00,2025-10-29,11:00:00,11,Wednesday,13.0,0.0,100,10.9
2025-10-29 12:00:00,2025-10-29,12:00:00,12,Wednesday,13.5,0.0,100,10.9
2025-10-29 13:00:00,2025-10-29,13:00:00,13,Wednesday,12.6,0.0,100,10.7
2025-10-29 14:00:00,2025-10-29,14:00:00,14,Wednesday,12.5,0.0,100,10.6
2025-10-29 15:00:00,2025-10-29,15:00:00,15,Wednesday,12.2,0.0,77,11.8
2025-10-29 16:00:00,2025-10-29,16:00:00,16,Wednesday,11.9,0.0,38,11.2
2025-10-29 17:00:00,2025-10-29,17:00:00,17,Wednesday,11.0,0.0,61,8.1
2025-10-29 18:00:00,2025-10-29,18:00:00,18,Wednesday,10.7,0.0,24,7.9
2025-10-29 19:00:00,2025-10-29,19:00:00,19,Wednesday,10.8,0.0,100,8.9
2025-10-29 20:00:00,2025-10-29,20:00:00,20,Wednesday,11.2,0.0,95,8.2
2025-10-29 21:00:00,2025-10-29,21:00:00,21,Wednesday,11.1,0.0,98,9.6
2025-10-29 22:00:00,2025-10-29,22:00:00,22,Wednesday,11.0,0.1,100,8.3
2025-10-29 23:00:00,2025-10-29,23:00:00,23,Wednesday,11.0,0.0,100,8.8
2025-10-30 00:00:00,2025-10-30,00:00:00,0,Thursday,10.7,0.1,100,13.1
2025-10-30 01:00:00,2025-10-30,01:00:00,1,Thursday,10.7,0.2,100,14.4
2025-10-30 02:00:00,2025-10-30,02:00:00,2,Thursday,11.0,0.0,100,13.9
2025-10-30 03:00:00,2025-10-30,03:00:00,3,Thursday,11.2,0.0,100,14.7
2025-10-30 04:00:00,2025-10-30,04:00:00,4,Thursday,11.4,0.4,100,15.5
2025-10-30 05:00:00,2025-10-30,05:00:00,5,Thursday,11.6,2.7,100,17.3
2025-10-30 06:00:00,2025-10-30,06:00:00,6,Thursday,11.8,0.9,100,18.4
2025-10-30 07:00:00,2025-10-30,07:00:00,7,Thursday,12.3,0.4,100,15.5
2025-10-30 08:00:00,2025-10-30,08:00:00,8,Thursday,13.0,0.4,100,17.1
2025-10-30 09:00:00,2025-10-30,09:00:00,9,Thursday,13.3,4.0,100,20.8
2025-10-30 10:00:00,2025-10-30,10:00:00,10,Thursday,14.2,0.8,100,24.5
2025-10-30 11:00:00,2025-10-30,11:00:00,11,Thursday,14.9,4.7,100,24.0
2025-10-30 12:00:00,2025-10-30,12:00:00,12,Thursday,15.1,5.6,100,26.5
2025-10-30 13:00:00,2025-10-30,13:00:00,13,Thursday,14.8,9.3,100,25.3
2025-10-30 14:00:00,2025-10-30,14:00:00,14,Thursday,15.6,4.3,100,25.8
2025-10-30 15:00:00,2025-10-30,15:00:00,15,Thursday,15.7,4.2,100,21.2
2025-10-30 16:00:00,2025-10-30,16:00:00,16,Thursday,15.9,1.7,100,16.3
2025-10-30 17:00:00,2025-10-30,17:00:00,17,Thursday,16.0,1.1,100,11.3
2025-10-30 18:00:00,2025-10-30,18:00:00,18,Thursday,16.4,0.8,91,14.3
2025-10-30 19:00:00,2025-10-30,19:00:00,19,Thursday,16.1,0.4,75,11.8
2025-10-30 20:00:00,2025-10-30,20:00:00,20,Thursday,15.8,0.6,96,10.2
2025-10-30 21:00:00,2025-10-30,21:00:00,21,Thursday,15.5,0.1,100,8.1
2025-10-30 22:00:00,2025-10-30,22:00:00,22,Thursday,15.1,1.7,98,8.0
2025-10-30 23:00:00,2025-10-30,23:00:00,23,Thursday,14.7,0.0,15,12.3
2025-10-31 00:00:00,2025-10-31,00:00:00,0,Friday,13.4,0.0,20,12.2
2025-10-31 01:00:00,2025-10-31,01:00:00,1,Friday,12.2,0.0,2,20.2
2025-10-31 02:00:00,2025-10-31,02:00:00,2,Friday,11.2,0.0,36,17.9
2025-10-31 03:00:00,2025-10-31,03:00:00,3,Friday,10.7,0.0,0,15.7
2025-10-31 04:00:00,2025-10-31,04:00:00,4,Friday,10.2,0.0,0,16.9
2025-10-31 05:00:00,2025-10-31,05:00:00,5,Friday,10.2,0.0,2,17.3
2025-10-31 06:00:00,2025-10-31,06:00:00,6,Friday,9.9,0.0,5,16.5
2025-10-31 07:00:00,2025-10-31,07:00:00,7,Friday,10.6,0.0,45,16.3
2025-10-31 08:00:00,2025-10-31,08:00:00,8,Friday,11.7,0.0,66,13.2
2025-10-31 09:00:00,2025-10-31,09:00:00,9,Friday,12.1,0.0,100,22.2
2025-10-31 10:00:00,2025-10-31,10:00:00,10,Friday,11.9,0.0,100,22.2
2025-10-31 11:00:00,2025-10-31,11:00:00,11,Friday,12.3,0.0,81,24.3
2025-10-31 12:00:00,2025-10-31,12:00:00,12,Friday,12.9,0.0,97,24.8
2025-10-31 13:00:00,2025-10-31,13:00:00,13,Friday,13.0,0.0,85,27.1
2025-10-31 14:00:00,2025-10-31,14:00:00,14,Friday,13.4,0.0,81,25.7
2025-10-31 15:00:00,2025-10-31,15:00:00,15,Friday,13.0,0.0,26,27.4
2025-10-31 16:00:00,2025-10-31,16:00:00,16,Friday,12.2,0.0,37,26.3
2025-10-31 17:00:00,2025-10-31,17:00:00,17,Friday,11.6,0.0,24,20.6
2025-10-31 18:00:00,2025-10-31,18:00:00,18,Friday,11.7,0.0,55,22.3
2025-10-31 19:00:00,2025-10-31,19:00:00,19,Friday,11.5,0.0,13,21.6
2025-10-31 20:00:00,2025-10-31,20:00:00,20,Friday,11.3,0.0,28,22.9
2025-10-31 21:00:00,2025-10-31,21:00:00,21,Friday,10.8,0.0,4,20.4
2025-10-31 22:00:00,2025-10-31,22:00:00,22,Friday,10.2,0.0,2,18.8
2025-10-31 23:00:00,2025-10-31,23:00:00,23,Friday,9.8,0.0,11,19.7
2025-11-01 00:00:00,2025-11-01,00:00:00,0,Saturday,9.2,0.0,2,18.9
2025-11-01 01:00:00,2025-11-01,01:00:00,1,Saturday,9.2,0.0,1,19.1
2025-11-01 02:00:00,2025-11-01,02:00:00,2,Saturday,8.9,0.0,0,18.9
2025-11-01 03:00:00,2025-11-01,03:00:00,3,Saturday,8.4,0.0,1,17.1
2025-11-01 04:00:00,2025-11-01,04:00:00,4,Saturday,8.0,0.0,0,16.9
2025-11-01 05:00:00,2025-11-01,05:00:00,5,Saturday,7.8,0.0,0,15.6
2025-11-01 06:00:00,2025-11-01,06:00:00,6,Saturday,7.5,0.0,31,14.1
2025-11-01 07:00:00,2025-11-01,07:00:00,7,Saturday,8.2,0.0,52,13.9
2025-11-01 08:00:00,2025-11-01,08:00:00,8,Saturday,9.3,0.0,40,12.2
2025-11-01 09:00:00,2025-11-01,09:00:00,9,Saturday,10.7,0.0,16,13.0
2025-11-01 10:00:00,2025-11-01,10:00:00,10,Saturday,11.6,0.0,55,20.1
2025-11-01 11:00:00,2025-11-01,11:00:00,11,Saturday,12.6,0.0,80,21.0
2025-11-01 12:00:00,2025-11-01,12:00:00,12,Saturday,13.9,0.0,55,22.0
2025-11-01 13:00:00,2025-11-01,13:00:00,13,Saturday,14.1,0.0,32,21.8
2025-11-01 14:00:00,2025-11-01,14:00:00,14,Saturday,14.3,0.0,33,21.3
2025-11-01 15:00:00,2025-11-01,15:00:00,15,Saturday,14.0,0.0,23,17.3
2025-11-01 16:00:00,2025-11-01,16:00:00,16,Saturday,12.9,0.0,24,14.3
2025-11-01 17:00:00,2025-11-01,17:00:00,17,Saturday,11.2,0.0,73,9.7
2025-11-01 18:00:00,2025-11-01,18:00:00,18,Saturday,9.5,0.0,24,5.5
2025-11-01 19:00:00,2025-11-01,19:00:00,19,Saturday,8.9,0.0,35,5.0
2025-11-01 20:00:00,2025-11-01,20:00:00,20,Saturday,8.3,0.0,84,4.2
2025-11-01 21:00:00,2025-11-01,21:00:00,21,Saturday,7.8,0.0,91,4.9
2025-11-01 22:00:00,2025-11-01,22:00:00,22,Saturday,7.6,0.0,99,5.8
2025-11-01 23:00:00,2025-11-01,23:00:00,23,Saturday,7.5,0.0,99,6.2
2025-11-02 00:00:00,2025-11-02,00:00:00,0,Sunday,7.0,0.0,96,5.8
2025-11-02 01:00:00,2025-11-02,01:00:00,1,Sunday,6.0,0.0,100,5.2
2025-11-02 02:00:00,2025-11-02,02:00:00,2,Sunday,5.2,0.0,46,4.0
2025-11-02 03:00:00,2025-11-02,03:00:00,3,Sunday,5.1,0.0,9,1.8
2025-11-02 04:00:00,2025-11-02,04:00:00,4,Sunday,4.7,0.0,6,2.3
2025-11-02 05:00:00,2025-11-02,05:00:00,5,Sunday,4.2,0.0,0,4.1
2025-11-02 06:00:00,2025-11-02,06:00:00,6,Sunday,4.0,0.0,11,4.5
2025-11-02 07:00:00,2025-11-02,07:00:00,7,Sunday,3.9,0.0,9,3.1
2025-11-02 08:00:00,2025-11-02,08:00:00,8,Sunday,5.3,0.0,34,3.7
2025-11-02 09:00:00,2025-11-02,09:00:00,9,Sunday,7.6,0.0,6,1.9
2025-11-02 10:00:00,2025-11-02,10:00:00,10,Sunday,9.7,0.0,2,1.7
2025-11-02 11:00:00,2025-11-02,11:00:00,11,Sunday,11.3,0.0,0,1.9
2025-11-02 12:00:00,2025-11-02,12:00:00,12,Sunday,12.4,0.0,0,4.5
2025-11-02 13:00:00,2025-11-02,13:00:00,13,Sunday,13.9,0.0,11,7.1
2025-11-02 14:00:00,2025-11-02,14:00:00,14,Sunday,14.5,0.0,9,7.8
2025-11-02 15:00:00,2025-11-02,15:00:00,15,Sunday,14.8,0.0,1,8.4
2025-11-02 16:00:00,2025-11-02,16:00:00,16,Sunday,13.8,0.0,16,9.3
2025-11-02 17:00:00,2025-11-02,17:00:00,17,Sunday,11.7,0.0,99,7.2
2025-11-02 18:00:00,2025-11-02,18:00:00,18,Sunday,10.5,0.0,99,5.4
2025-11-02 19:00:00,2025-11-02,19:00:00,19,Sunday,10.2,0.0,100,5.5
2025-11-02 20:00:00,2025-11-02,20:00:00,20,Sunday,9.7,0.0,100,4.5
2025-11-02 21:00:00,2025-11-02,21:00:00,21,Sunday,9.4,0.0,100,4.4
2025-11-02 22:00:00,2025-11-02,22:00:00,22,Sunday,8.9,0.0,100,4.5
2025-11-02 23:00:00,2025-11-02,23:00:00,23,Sunday,8.5,0.0,100,4.8
2025-11-03 00:00:00,2025-11-03,00:00:00,0,Monday,8.0,0.0,12,2.4
2025-11-03 01:00:00,2025-11-03,01:00:00,1,Monday,7.0,0.0,22,2.9
2025-11-03 02:00:00,2025-11-03,02:00:00,2,Monday,6.3,0.0,82,2.6
2025-11-03 03:00:00,2025-11-03,03:00:00,3,Monday,6.1,0.0,100,3.8
2025-11-03 04:00:00,2025-11-03,04:00:00,4,Monday,6.6,0.0,100,1.7
2025-11-03 05:00:00,2025-11-03,05:00:00,5,Monday,6.3,0.0,100,2.4
2025-11-03 06:00:00,2025-11-03,06:00:00,6,Monday,6.3,0.0,100,2.8
2025-11-03 07:00:00,2025-11-03,07:00:00,7,Monday,6.4,0.0,100,0.5
2025-11-03 08:00:00,2025-11-03,08:00:00,8,Monday,7.0,0.0,100,4.7
2025-11-03 09:00:00,2025-11-03,09:00:00,9,Monday,9.5,0.0,21,2.7
2025-11-03 10:00:00,2025-11-03,10:00:00,10,Monday,12.5,0.0,82,2.8
2025-11-03 11:00:00,2025-11-03,11:00:00,11,Monday,13.6,0.0,100,4.6
2025-11-03 12:00:00,2025-11-03,12:00:00,12,Monday,13.3,0.0,100,7.0
2025-11-03 13:00:00,2025-11-03,13:00:00,13,Monday,13.9,0.0,100,7.3
2025-11-03 14:00:00,2025-11-03,14:00:00,14,Monday,13.3,0.0,100,5.6
2025-11-03 15:00:00,2025-11-03,15:00:00,15,Monday,12.9,0.0,98,4.7
2025-11-03 16:00:00,2025-11-03,16:00:00,16,Monday,12.7,0.0,70,6.9
2025-11-03 17:00:00,2025-11-03,17:00:00,17,Monday,11.0,0.0,99,6.3
2025-11-03 18:00:00,2025-11-03,18:00:00,18,Monday,11.4,0.0,98,8.8
2025-11-03 19:00:00,2025-11-03,19:00:00,19,Monday,12.2,0.0,100,11.7
2025-11-03 20:00:00,2025-11-03,20:00:00,20,Monday,12.0,0.1,38,14.2
2025-11-03 21:00:00,2025-11-03,21:00:00,21,Monday,11.9,0.0,0,16.3
2025-11-03 22:00:00,2025-11-03,22:00:00,22,Monday,11.2,0.0,0,16.3
2025-11-03 23:00:00,2025-11-03,23:00:00,23,Monday,10.5,0.0,2,17.3
2025-11-04 00:00:00,2025-11-04,00:00:00,0,Tuesday,10.0,0.0,2,17.8
2025-11-04 01:00:00,2025-11-04,01:00:00,1,Tuesday,9.8,0.0,3,18.0
2025-11-04 02:00:00,2025-11-04,02:00:00,2,Tuesday,9.4,0.0,2,18.2
2025-11-04 03:00:00,2025-11-04,03:00:00,3,Tuesday,8.9,0.0,0,16.3
2025-11-04 04:00:00,2025-11-04,04:00:00,4,Tuesday,8.5,0.0,1,16.0
2025-11-04 05:00:00,2025-11-04,05:00:00,5,Tuesday,8.2,0.0,2,14.5
2025-11-04 06:00:00,2025-11-04,06:00:00,6,Tuesday,7.9,0.0,2,14.3
2025-11-04 07:00:00,2025-11-04,07:00:00,7,Tuesday,8.4,0.0,0,14.1
2025-11-04 08:00:00,2025-11-04,08:00:00,8,Tuesday,9.5,0.0,0,14.0
2025-11-04 09:00:00,2025-11-04,09:00:00,9,Tuesday,10.8,0.0,0,14.0
2025-11-04 10:00:00,2025-11-04,10:00:00,10,Tuesday,11.9,0.0,0,18.0
2025-11-04 11:00:00,2025-11-04,11:00:00,11,Tuesday,12.7,0.0,4,19.3
2025-11-04 12:00:00,2025-11-04,12:00:00,12,Tuesday,13.3,0.0,53,21.0
2025-11-04 13:00:00,2025-11-04,13:00:00,13,Tuesday,14.6,0.0,1,19.3
2025-11-04 14:00:00,2025-11-04,14:00:00,14,Tuesday,14.8,0.0,32,23.1
2025-11-04 15:00:00,2025-11-04,15:00:00,15,Tuesday,14.6,0.0,0,14.4
2025-11-04 16:00:00,2025-11-04,16:00:00,16,Tuesday,14.0,0.0,1,11.7
2025-11-04 17:00:00,2025-11-04,17:00:00,17,Tuesday,12.2,0.0,0,10.5
2025-11-04 18:00:00,2025-11-04,18:00:00,18,Tuesday,11.3,0.0,0,9.1
2025-11-04 19:00:00,2025-11-04,19:00:00,19,Tuesday,10.5,0.0,0,9.5
2025-11-04 20:00:00,2025-11-04,20:00:00,20,Tuesday,10.1,0.0,1,10.2
2025-11-04 21:00:00,2025-11-04,21:00:00,21,Tuesday,9.3,0.0,0,8.8
2025-11-04 22:00:00,2025-11-04,22:00:00,22,Tuesday,8.3,0.0,0,6.9
2025-11-04 23:00:00,2025-11-04,23:00:00,23,Tuesday,7.6,0.0,0,6.7
2025-11-05 00:00:00,2025-11-05,00:00:00,0,Wednesday,6.9,0.0,0,6.5
2025-11-05 01:00:00,2025-11-05,01:00:00,1,Wednesday,6.0,0.0,29,6.4
2025-11-05 02:00:00,2025-11-05,02:00:00,2,Wednesday,5.3,0.0,1,5.6
2025-11-05 03:00:00,2025-11-05,03:00:00,3,Wednesday,5.0,0.0,47,5.5
2025-11-05 04:00:00,2025-11-05,04:00:00,4,Wednesday,4.4,0.0,20,5.3
2025-11-05 05:00:00,2025-11-05,05:00:00,5,Wednesday,4.0,0.0,5,5.2
2025-11-05 06:00:00,2025-11-05,06:00:00,6,Wednesday,3.9,0.0,41,4.9
2025-11-05 07:00:00,2025-11-05,07:00:00,7,Wednesday,4.7,0.0,72,5.9
2025-11-05 08:00:00,2025-11-05,08:00:00,8,Wednesday,6.3,0.0,100,7.1
2025-11-05 09:00:00,2025-11-05,09:00:00,9,Wednesday,7.4,0.0,94,6.0
2025-11-05 10:00:00,2025-11-05,10:00:00,10,Wednesday,9.7,0.0,82,5.4
2025-11-05 11:00:00,2025-11-05,11:00:00,11,Wednesday,12.5,0.0,75,7.6
2025-11-05 12:00:00,2025-11-05,12:00:00,12,Wednesday,14.9,0.0,67,11.1
2025-11-05 13:00:00,2025-11-05,13:00:00,13,Wednesday,17.0,0.0,68,15.0
2025-11-05 14:00:00,2025-11-05,14:00:00,14,Wednesday,18.1,0.0,80,13.2
2025-11-05 15:00:00,2025-11-05,15:00:00,15,Wednesday,18.2,0.0,99,12.8
2025-11-05 16:00:00,2025-11-05,16:00:00,16,Wednesday,17.1,0.0,97,15.6
2025-11-05 17:00:00,2025-11-05,17:00:00,17,Wednesday,15.9,0.0,100,15.3
2025-11-05 18:00:00,2025-11-05,18:00:00,18,Wednesday,15.5,0.0,85,16.6
2025-11-05 19:00:00,2025-11-05,19:00:00,19,Wednesday,15.6,0.0,46,17.8
2025-11-05 20:00:00,2025-11-05,20:00:00,20,Wednesday,16.1,0.0,34,18.9
2025-11-05 21:00:00,2025-11-05,21:00:00,21,Wednesday,16.4,0.0,80,19.5
2025-11-05 22:00:00,2025-11-05,22:00:00,22,Wednesday,15.6,0.0,97,20.6
2025-11-05 23:00:00,2025-11-05,23:00:00,23,Wednesday,13.6,1.6,100,19.4
2025-11-06 00:00:00,2025-11-06,00:00:00,0,Thursday,12.5,0.0,2,20.7
2025-11-06 01:00:00,2025-11-06,01:00:00,1,Thursday,11.4,0.0,15,23.4
2025-11-06 02:00:00,2025-11-06,02:00:00,2,Thursday,10.1,0.0,1,22.4
2025-11-06 03:00:00,2025-11-06,03:00:00,3,Thursday,9.0,0.0,56,21.9
2025-11-06 04:00:00,2025-11-06,04:00:00,4,Thursday,8.4,0.0,38,19.0
2025-11-06 05:00:00,2025-11-06,05:00:00,5,Thursday,7.9,0.0,27,16.5
2025-11-06 06:00:00,2025-11-06,06:00:00,6,Thursday,7.5,0.0,28,14.3
2025-11-06 07:00:00,2025-11-06,07:00:00,7,Thursday,7.8,0.0,9,15.0
2025-11-06 08:00:00,2025-11-06,08:00:00,8,Thursday,8.6,0.0,9,12.8
2025-11-06 09:00:00,2025-11-06,09:00:00,9,Thursday,9.4,0.0,3,17.6
2025-11-06 10:00:00,2025-11-06,10:00:00,10,Thursday,10.3,0.0,23,22.4
2025-11-06 11:00:00,2025-11-06,11:00:00,11,Thursday,11.1,0.0,58,22.8
2025-11-06 12:00:00,2025-11-06,12:00:00,12,Thursday,11.4,0.0,46,21.9
2025-11-06 13:00:00,2025-11-06,13:00:00,13,Thursday,11.6,0.0,100,20.7
2025-11-06 14:00:00,2025-11-06,14:00:00,14,Thursday,11.4,0.0,89,20.1
2025-11-06 15:00:00,2025-11-06,15:00:00,15,Thursday,10.9,0.0,75,18.7
2025-11-06 16:00:00,2025-11-06,16:00:00,16,Thursday,10.3,0.0,5,14.7
2025-11-06 17:00:00,2025-11-06,17:00:00,17,Thursday,8.9,0.0,19,8.8
2025-11-06 18:00:00,2025-11-06,18:00:00,18,Thursday,7.9,0.0,100,6.4
2025-11-06 19:00:00,2025-11-06,19:00:00,19,Thursday,7.1,0.0,100,7.8
2025-11-06 20:00:00,2025-11-06,20:00:00,20,Thursday,6.6,0.0,100,5.7
2025-11-06 21:00:00,2025-11-06,21:00:00,21,Thursday,5.8,0.0,80,4.1
2025-11-06 22:00:00,2025-11-06,22:00:00,22,Thursday,5.2,0.0,55,1.9
2025-11-06 23:00:00,2025-11-06,23:00:00,23,Thursday,4.8,0.0,27,1.4
2025-11-07 00:00:00,2025-11-07,00:00:00,0,Friday,4.1,0.0,86,2.1
2025-11-07 01:00:00,2025-11-07,01:00:00,1,Friday,3.2,0.0,80,3.5
2025-11-07 02:00:00,2025-11-07,02:00:00,2,Friday,2.3,0.0,84,3.2
2025-11-07 03:00:00,2025-11-07,03:00:00,3,Friday,1.9,0.0,100,3.3
2025-11-07 04:00:00,2025-11-07,04:00:00,4,Friday,1.8,0.0,98,2.6
2025-11-07 05:00:00,2025-11-07,05:00:00,5,Friday,1.6,0.0,33,1.8
2025-11-07 06:00:00,2025-11-07,06:00:00,6,Friday,1.7,0.0,52,2.1
2025-11-07 07:00:00,2025-11-07,07:00:00,7,Friday,2.7,0.0,98,1.9
2025-11-07 08:00:00,2025-11-07,08:00:00,8,Friday,4.5,0.0,100,5.8
2025-11-07 09:00:00,2025-11-07,09:00:00,9,Friday,6.9,0.0,100,2.0
2025-11-07 10:00:00,2025-11-07,10:00:00,10,Friday,8.9,0.0,99,5.6
2025-11-07 11:00:00,2025-11-07,11:00:00,11,Friday,11.1,0.0,100,9.2
2025-11-07 12:00:00,2025-11-07,12:00:00,12,Friday,12.8,0.0,96,11.5
2025-11-07 13:00:00,2025-11-07,13:00:00,13,Friday,14.5,0.0,100,17.1
2025-11-07 14:00:00,2025-11-07,14:00:00,14,Friday,15.2,0.0,100,18.0
2025-11-07 15:00:00,2025-11-07,15:00:00,15,Friday,15.3,0.0,100,17.3
2025-11-07 16:00:00,2025-11-07,16:00:00,16,Friday,14.0,0.0,100,18.2
2025-11-07 17:00:00,2025-11-07,17:00:00,17,Friday,13.2,0.0,100,16.8
2025-11-07 18:00:00,2025-11-07,18:00:00,18,Friday,12.8,0.0,100,14.2
2025-11-07 19:00:00,2025-11-07,19:00:00,19,Friday,12.6,0.0,100,14.1
2025-11-07 20:00:00,2025-11-07,20:00:00,20,Friday,12.9,0.0,100,13.6
2025-11-07 21:00:00,2025-11-07,21:00:00,21,Friday,13.2,0.0,100,14.2
2025-11-07 22:00:00,2025-11-07,22:00:00,22,Friday,13.3,0.0,100,14.8
2025-11-07 23:00:00,2025-11-07,23:00:00,23,Friday,13.5,0.0,100,15.2
2025-11-08 00:00:00,2025-11-08,00:00:00,0,Saturday,13.2,0.1,100,13.0
2025-11-08 01:00:00,2025-11-08,01:00:00,1,Saturday,12.5,0.4,100,13.8
2025-11-08 02:00:00,2025-11-08,02:00:00,2,Saturday,12.3,1.2,90,13.9
2025-11-08 03:00:00,2025-11-08,03:00:00,3,Saturday,12.2,1.0,100,11.5
2025-11-08 04:00:00,2025-11-08,04:00:00,4,Saturday,12.2,1.1,100,10.2
2025-11-08 05:00:00,2025-11-08,05:00:00,5,Saturday,12.1,0.4,100,9.8
2025-11-08 06:00:00,2025-11-08,06:00:00,6,Saturday,11.7,0.4,100,8.4
2025-11-08 07:00:00,2025-11-08,07:00:00,7,Saturday,12.0,0.2,94,9.6
2025-11-08 08:00:00,2025-11-08,08:00:00,8,Saturday,12.8,0.0,97,9.4
2025-11-08 09:00:00,2025-11-08,09:00:00,9,Saturday,13.8,0.0,1,6.3
2025-11-08 10:00:00,2025-11-08,10:00:00,10,Saturday,15.6,0.0,0,8.3
2025-11-08 11:00:00,2025-11-08,11:00:00,11,Saturday,16.5,0.0,0,7.7
2025-11-08 12:00:00,2025-11-08,12:00:00,12,Saturday,17.2,0.0,0,8.0
2025-11-08 13:00:00,2025-11-08,13:00:00,13,Saturday,18.1,0.0,5,9.6
2025-11-08 14:00:00,2025-11-08,14:00:00,14,Saturday,18.4,0.0,3,8.7
2025-11-08 15:00:00,2025-11-08,15:00:00,15,Saturday,18.2,0.0,17,8.6
2025-11-08 16:00:00,2025-11-08,16:00:00,16,Saturday,17.0,0.0,37,4.3
2025-11-08 17:00:00,2025-11-08,17:00:00,17,Saturday,15.4,0.0,68,1.8
2025-11-08 18:00:00,2025-11-08,18:00:00,18,Saturday,14.4,0.0,100,2.2
2025-11-08 19:00:00,2025-11-08,19:00:00,19,Saturday,13.1,0.0,100,3.1
2025-11-08 20:00:00,2025-11-08,20:00:00,20,Saturday,12.5,0.0,100,4.2
2025-11-08 21:00:00,2025-11-08,21:00:00,21,Saturday,12.1,0.0,100,5.0
2025-11-08 22:00:00,2025-11-08,22:00:00,22,Saturday,11.8,0.0,99,5.8
2025-11-08 23:00:00,2025-11-08,23:00:00,23,Saturday,11.4,0.0,55,5.9
2025-11-09 00:00:00,2025-11-09,00:00:00,0,Sunday,11.1,0.0,77,6.5
2025-11-09 01:00:00,2025-11-09,01:00:00,1,Sunday,10.5,0.0,27,2.8
2025-11-09 02:00:00,2025-11-09,02:00:00,2,Sunday,9.5,0.0,42,2.3
2025-11-09 03:00:00,2025-11-09,03:00:00,3,Sunday,9.1,0.0,28,1.9
2025-11-09 04:00:00,2025-11-09,04:00:00,4,Sunday,8.4,0.0,56,1.9
2025-11-09 05:00:00,2025-11-09,05:00:00,5,Sunday,9.0,0.0,43,2.8
2025-11-09 06:00:00,2025-11-09,06:00:00,6,Sunday,9.2,0.0,66,3.2
2025-11-09 07:00:00,2025-11-09,07:00:00,7,Sunday,9.7,0.0,25,2.1
2025-11-09 08:00:00,2025-11-09,08:00:00,8,Sunday,10.8,0.0,66,4.9
2025-11-09 09:00:00,2025-11-09,09:00:00,9,Sunday,13.2,0.0,100,3.6
2025-11-09 10:00:00,2025-11-09,10:00:00,10,Sunday,14.0,0.0,100,3.3
2025-11-09 11:00:00,2025-11-09,11:00:00,11,Sunday,15.5,0.0,100,13.6
2025-11-09 12:00:00,2025-11-09,12:00:00,12,Sunday,15.2,0.0,100,12.4
2025-11-09 13:00:00,2025-11-09,13:00:00,13,Sunday,15.1,0.0,99,12.8
2025-11-09 14:00:00,2025-11-09,14:00:00,14,Sunday,16.2,0.0,98,16.5
2025-11-09 15:00:00,2025-11-09,15:00:00,15,Sunday,15.7,0.0,96,13.5
2025-11-09 16:00:00,2025-11-09,16:00:00,16,Sunday,15.3,0.1,100,12.4
2025-11-09 17:00:00,2025-11-09,17:00:00,17,Sunday,14.8,0.0,100,9.6
2025-11-09 18:00:00,2025-11-09,18:00:00,18,Sunday,14.7,0.1,100,5.4
2025-11-09 19:00:00,2025-11-09,19:00:00,19,Sunday,14.4,0.0,100,3.1
2025-11-09 20:00:00,2025-11-09,20:00:00,20,Sunday,14.1,0.0,100,3.2
2025-11-09 21:00:00,2025-11-09,21:00:00,21,Sunday,13.7,0.0,100,2.4
2025-11-09 22:00:00,2025-11-09,22:00:00,22,Sunday,13.5,0.0,100,2.3
2025-11-09 23:00:00,2025-11-09,23:00:00,23,Sunday,13.7,0.1,100,4.3
2025-11-10 00:00:00,2025-11-10,00:00:00,0,Monday,13.4,1.0,100,6.2
2025-11-10 01:00:00,2025-11-10,01:00:00,1,Monday,13.3,1.4,100,10.0
2025-11-10 02:00:00,2025-11-10,02:00:00,2,Monday,13.0,2.0,100,9.9
2025-11-10 03:00:00,2025-11-10,03:00:00,3,Monday,12.8,1.8,100,9.8
2025-11-10 04:00:00,2025-11-10,04:00:00,4,Monday,12.5,0.1,100,5.9
2025-11-10 05:00:00,2025-11-10,05:00:00,5,Monday,11.8,0.0,100,1.7
2025-11-10 06:00:00,2025-11-10,06:00:00,6,Monday,11.7,0.5,100,4.4
2025-11-10 07:00:00,2025-11-10,07:00:00,7,Monday,11.7,0.3,100,3.4
2025-11-10 08:00:00,2025-11-10,08:00:00,8,Monday,11.9,0.0,78,3.9
2025-11-10 09:00:00,2025-11-10,09:00:00,9,Monday,12.8,0.1,100,5.1
2025-11-10 10:00:00,2025-11-10,10:00:00,10,Monday,12.5,0.2,100,7.0
2025-11-10 11:00:00,2025-11-10,11:00:00,11,Monday,12.1,0.5,100,12.7
2025-11-10 12:00:00,2025-11-10,12:00:00,12,Monday,11.1,3.1,92,12.2
2025-11-10 13:00:00,2025-11-10,13:00:00,13,Monday,10.4,0.3,100,11.9
2025-11-10 14:00:00,2025-11-10,14:00:00,14,Monday,10.4,0.5,68,10.7
2025-11-10 15:00:00,2025-11-10,15:00:00,15,Monday,10.5,0.0,31,13.3
2025-11-10 16:00:00,2025-11-10,16:00:00,16,Monday,9.0,0.0,26,15.7
2025-11-10 17:00:00,2025-11-10,17:00:00,17,Monday,6.6,0.0,15,17.3
2025-11-10 18:00:00,2025-11-10,18:00:00,18,Monday,5.1,0.0,4,17.2
2025-11-10 19:00:00,2025-11-10,19:00:00,19,Monday,4.2,0.0,1,15.9
2025-11-10 20:00:00,2025-11-10,20:00:00,20,Monday,3.3,0.0,0,14.7
2025-11-10 21:00:00,2025-11-10,21:00:00,21,Monday,2.5,0.0,20,14.4
2025-11-10 22:00:00,2025-11-10,22:00:00,22,Monday,2.1,0.0,98,16.3
2025-11-10 23:00:00,2025-11-10,23:00:00,23,Monday,1.6,0.0,66,16.7
2025-11-11 00:00:00,2025-11-11,00:00:00,0,Tuesday,1.1,0.0,5,15.4
2025-11-11 01:00:00,2025-11-11,01:00:00,1,Tuesday,0.9,0.0,17,15.1
2025-11-11 02:00:00,2025-11-11,02:00:00,2,Tuesday,0.6,0.0,17,12.7
2025-11-11 03:00:00,2025-11-11,03:00:00,3,Tuesday,0.7,0.0,92,11.3
2025-11-11 04:00:00,2025-11-11,04:00:00,4,Tuesday,0.7,0.0,84,10.6
2025-11-11 05:00:00,2025-11-11,05:00:00,5,Tuesday,0.8,0.0,100,10.3
2025-11-11 06:00:00,2025-11-11,06:00:00,6,Tuesday,1.0,0.0,100,13.8
2025-11-11 07:00:00,2025-11-11,07:00:00,7,Tuesday,1.0,0.0,23,15.2
2025-11-11 08:00:00,2025-11-11,08:00:00,8,Tuesday,1.3,0.0,18,16.2
2025-11-11 09:00:00,2025-11-11,09:00:00,9,Tuesday,2.0,0.0,84,24.2
2025-11-11 10:00:00,2025-11-11,10:00:00,10,Tuesday,2.4,0.0,76,24.3
2025-11-11 11:00:00,2025-11-11,11:00:00,11,Tuesday,2.3,0.0,97,23.0
2025-11-11 12:00:00,2025-11-11,12:00:00,12,Tuesday,2.4,0.0,46,23.6
2025-11-11 13:00:00,2025-11-11,13:00:00,13,Tuesday,3.5,0.0,100,28.2
2025-11-11 14:00:00,2025-11-11,14:00:00,14,Tuesday,3.0,0.0,98,23.9
2025-11-11 15:00:00,2025-11-11,15:00:00,15,Tuesday,4.0,0.0,97,24.9
2025-11-11 16:00:00,2025-11-11,16:00:00,16,Tuesday,4.2,0.0,45,19.9
2025-11-11 17:00:00,2025-11-11,17:00:00,17,Tuesday,3.7,0.0,60,17.4
2025-11-11 18:00:00,2025-11-11,18:00:00,18,Tuesday,3.4,0.0,76,17.8
2025-11-11 19:00:00,2025-11-11,19:00:00,19,Tuesday,3.5,0.0,100,19.0
2025-11-11 20:00:00,2025-11-11,20:00:00,20,Tuesday,3.8,0.0,82,19.3
2025-11-11 21:00:00,2025-11-11,21:00:00,21,Tuesday,3.6,0.0,45,16.2
2025-11-11 22:00:00,2025-11-11,22:00:00,22,Tuesday,3.2,0.0,55,14.7
2025-11-11 23:00:00,2025-11-11,23:00:00,23,Tuesday,2.7,0.0,48,15.6
2025-11-12 00:00:00,2025-11-12,00:00:00,0,Wednesday,2.4,0.0,74,14.7
2025-11-12 01:00:00,2025-11-12,01:00:00,1,Wednesday,2.4,0.0,95,14.8
2025-11-12 02:00:00,2025-11-12,02:00:00,2,Wednesday,2.3,0.0,100,14.5
2025-11-12 03:00:00,2025-11-12,03:00:00,3,Wednesday,2.4,0.0,100,13.5
2025-11-12 04:00:00,2025-11-12,04:00:00,4,Wednesday,2.4,0.0,100,12.5
2025-11-12 05:00:00,2025-11-12,05:00:00,5,Wednesday,2.4,0.0,100,12.7
2025-11-12 06:00:00,2025-11-12,06:00:00,6,Wednesday,2.3,0.0,40,9.8
2025-11-12 07:00:00,2025-11-12,07:00:00,7,Wednesday,2.1,0.0,93,5.8
2025-11-12 08:00:00,2025-11-12,08:00:00,8,Wednesday,3.2,0.0,98,8.6
2025-11-12 09:00:00,2025-11-12,09:00:00,9,Wednesday,4.1,0.0,99,8.0
2025-11-12 10:00:00,2025-11-12,10:00:00,10,Wednesday,5.0,0.0,100,8.3
2025-11-12 11:00:00,2025-11-12,11:00:00,11,Wednesday,6.2,0.0,100,7.3
2025-11-12 12:00:00,2025-11-12,12:00:00,12,Wednesday,7.2,0.0,97,7.3
2025-11-12 13:00:00,2025-11-12,13:00:00,13,Wednesday,9.0,0.0,50,14.4
2025-11-12 14:00:00,2025-11-12,14:00:00,14,Wednesday,9.1,0.0,100,14.8
2025-11-12 15:00:00,2025-11-12,15:00:00,15,Wednesday,8.2,0.0,98,7.1
2025-11-12 16:00:00,2025-11-12,16:00:00,16,Wednesday,8.4,0.0,100,10.7
2025-11-12 17:00:00,2025-11-12,17:00:00,17,Wednesday,8.1,0.0,99,9.5
2025-11-12 18:00:00,2025-11-12,18:00:00,18,Wednesday,7.6,0.0,20,8.8
2025-11-12 19:00:00,2025-11-12,19:00:00,19,Wednesday,7.5,0.0,99,13.0
2025-11-12 20:00:00,2025-11-12,20:00:00,20,Wednesday,8.3,0.0,100,12.6
2025-11-12 21:00:00,2025-11-12,21:00:00,21,Wednesday,8.3,0.0,73,12.4
2025-11-12 22:00:00,2025-11-12,22:00:00,22,Wednesday,7.9,0.0,3,13.7
2025-11-12 23:00:00,2025-11-12,23:00:00,23,Wednesday,7.2,0.0,7,12.4
2025-11-13 00:00:00,2025-11-13,00:00:00,0,Thursday,6.4,0.0,14,11.8
2025-11-13 01:00:00,2025-11-13,01:00:00,1,Thursday,6.3,0.0,2,12.4
2025-11-13 02:00:00,2025-11-13,02:00:00,2,Thursday,6.2,0.0,36,12.0
2025-11-13 03:00:00,2025-11-13,03:00:00,3,Thursday,6.4,0.0,1,14.1
2025-11-13 04:00:00,2025-11-13,04:00:00,4,Thursday,6.5,0.0,0,13.0
2025-11-13 05:00:00,2025-11-13,05:00:00,5,Thursday,6.2,0.0,1,12.1
2025-11-13 06:00:00,2025-11-13,06:00:00,6,Thursday,5.6,0.0,86,11.1
2025-11-13 07:00:00,2025-11-13,07:00:00,7,Thursday,6.7,0.0,19,12.6
2025-11-13 08:00:00,2025-11-13,08:00:00,8,Thursday,7.5,0.0,18,14.3
2025-11-13 09:00:00,2025-11-13,09:00:00,9,Thursday,8.8,0.0,68,13.7
2025-11-13 10:00:00,2025-11-13,10:00:00,10,Thursday,7.4,0.1,97,17.2
2025-11-13 11:00:00,2025-11-13,11:00:00,11,Thursday,7.1,1.2,82,14.8
2025-11-13 12:00:00,2025-11-13,12:00:00,12,Thursday,8.1,0.5,7,11.7
2025-11-13 13:00:00,2025-11-13,13:00:00,13,Thursday,9.9,0.0,77,19.8
2025-11-13 14:00:00,2025-11-13,14:00:00,14,Thursday,10.3,0.0,24,21.1
2025-11-13 15:00:00,2025-11-13,15:00:00,15,Thursday,9.6,0.0,20,19.3
2025-11-13 16:00:00,2025-11-13,16:00:00,16,Thursday,8.8,0.0,9,17.8
2025-11-13 17:00:00,2025-11-13,17:00:00,17,Thursday,7.5,0.0,1,13.8
2025-11-13 18:00:00,2025-11-13,18:00:00,18,Thursday,6.8,0.0,2,11.1
2025-11-13 19:00:00,2025-11-13,19:00:00,19,Thursday,6.5,0.0,0,7.5
2025-11-13 20:00:00,2025-11-13,20:00:00,20,Thursday,6.3,0.0,0,10.5
2025-11-13 21:00:00,2025-11-13,21:00:00,21,Thursday,5.8,0.0,10,9.1
2025-11-13 22:00:00,2025-11-13,22:00:00,22,Thursday,4.9,0.0,24,6.8
2025-11-13 23:00:00,2025-11-13,23:00:00,23,Thursday,4.0,0.0,38,4.9
2025-11-14 00:00:00,2025-11-14,00:00:00,0,Friday,4.1,0.0,6,7.5
2025-11-14 01:00:00,2025-11-14,01:00:00,1,Friday,4.4,0.0,3,10.8
2025-11-14 02:00:00,2025-11-14,02:00:00,2,Friday,4.4,0.0,2,12.5
2025-11-14 03:00:00,2025-11-14,03:00:00,3,Friday,4.1,0.0,0,11.5
2025-11-14 04:00:00,2025-11-14,04:00:00,4,Friday,3.6,0.0,0,10.4
2025-11-14 05:00:00,2025-11-14,05:00:00,5,Friday,3.2,0.0,0,10.2
2025-11-14 06:00:00,2025-11-14,06:00:00,6,Friday,2.9,0.0,0,10.8
2025-11-14 07:00:00,2025-11-14,07:00:00,7,Friday,2.8,0.0,0,8.7
2025-11-14 08:00:00,2025-11-14,08:00:00,8,Friday,3.9,0.0,0,9.6
2025-11-14 09:00:00,2025-11-14,09:00:00,9,Friday,5.7,0.0,2,7.7
2025-11-14 10:00:00,2025-11-14,10:00:00,10,Friday,7.5,0.0,24,10.4
2025-11-14 11:00:00,2025-11-14,11:00:00,11,Friday,9.0,0.0,78,16.0
2025-11-14 12:00:00,2025-11-14,12:00:00,12,Friday,9.3,0.0,98,15.5
2025-11-14 13:00:00,2025-11-14,13:00:00,13,Friday,9.4,0.0,100,13.4
2025-11-14 14:00:00,2025-11-14,14:00:00,14,Friday,10.0,0.0,100,16.5
2025-11-14 15:00:00,2025-11-14,15:00:00,15,Friday,9.5,0.0,100,9.7
2025-11-14 16:00:00,2025-11-14,16:00:00,16,Friday,9.1,0.0,100,7.2
2025-11-14 17:00:00,2025-11-14,17:00:00,17,Friday,7.8,0.0,100,5.3
2025-11-14 18:00:00,2025-11-14,18:00:00,18,Friday,7.5,0.0,100,6.2
2025-11-14 19:00:00,2025-11-14,19:00:00,19,Friday,6.8,0.0,36,5.2
2025-11-14 20:00:00,2025-11-14,20:00:00,20,Friday,6.8,0.0,5,8.1
2025-11-14 21:00:00,2025-11-14,21:00:00,21,Friday,6.4,0.0,5,9.2
2025-11-14 22:00:00,2025-11-14,22:00:00,22,Friday,6.0,0.0,1,10.5
2025-11-14 23:00:00,2025-11-14,23:00:00,23,Friday,5.4,0.0,0,10.1
2025-11-15 00:00:00,2025-11-15,00:00:00,0,Saturday,4.3,0.0,20,7.3
2025-11-15 01:00:00,2025-11-15,01:00:00,1,Saturday,4.3,0.0,13,7.4
2025-11-15 02:00:00,2025-11-15,02:00:00,2,Saturday,4.0,0.0,0,8.0
2025-11-15 03:00:00,2025-11-15,03:00:00,3,Saturday,3.7,0.0,0,8.2
2025-11-15 04:00:00,2025-11-15,04:00:00,4,Saturday,3.2,0.0,13,7.6
2025-11-15 05:00:00,2025-11-15,05:00:00,5,Saturday,2.6,0.0,9,6.4
2025-11-15 06:00:00,2025-11-15,06:00:00,6,Saturday,1.6,0.0,3,4.9
2025-11-15 07:00:00,2025-11-15,07:00:00,7,Saturday,1.2,0.0,100,2.2
2025-11-15 08:00:00,2025-11-15,08:00:00,8,Saturday,2.4,0.0,100,2.6
2025-11-15 09:00:00,2025-11-15,09:00:00,9,Saturday,3.6,0.0,90,2.2
2025-11-15 10:00:00,2025-11-15,10:00:00,10,Saturday,5.3,0.0,55,3.5
2025-11-15 11:00:00,2025-11-15,11:00:00,11,Saturday,6.7,0.0,59,2.9
2025-11-15 12:00:00,2025-11-15,12:00:00,12,Saturday,7.7,0.0,95,2.5
2025-11-15 13:00:00,2025-11-15,13:00:00,13,Saturday,8.3,0.0,98,3.9
2025-11-15 14:00:00,2025-11-15,14:00:00,14,Saturday,8.7,0.0,99,4.5
2025-11-15 15:00:00,2025-11-15,15:00:00,15,Saturday,8.6,0.0,100,5.8
2025-11-15 16:00:00,2025-11-15,16:00:00,16,Saturday,7.9,0.0,100,5.8
2025-11-15 17:00:00,2025-11-15,17:00:00,17,Saturday,6.8,0.0,100,9.4
2025-11-15 18:00:00,2025-11-15,18:00:00,18,Saturday,7.2,0.0,100,11.1
2025-11-15 19:00:00,2025-11-15,19:00:00,19,Saturday,8.3,0.0,100,13.0
2025-11-15 20:00:00,2025-11-15,20:00:00,20,Saturday,7.7,0.6,100,11.6
2025-11-15 21:00:00,2025-11-15,21:00:00,21,Saturday,7.8,0.2,100,9.7
2025-11-15 22:00:00,2025-11-15,22:00:00,22,Saturday,8.1,0.0,100,12.8
2025-11-15 23:00:00,2025-11-15,23:00:00,23,Saturday,8.8,0.0,100,14.1
2025-11-16 00:00:00,2025-11-16,00:00:00,0,Sunday,9.3,0.0,100,12.3
2025-11-16 01:00:00,2025-11-16,01:00:00,1,Sunday,8.9,0.1,56,13.2
2025-11-16 02:00:00,2025-11-16,02:00:00,2,Sunday,9.8,0.0,9,18.6
2025-11-16 03:00:00,2025-11-16,03:00:00,3,Sunday,10.3,0.0,69,16.8
2025-11-16 04:00:00,2025-11-16,04:00:00,4,Sunday,10.4,0.0,90,14.9
2025-11-16 05:00:00,2025-11-16,05:00:00,5,Sunday,10.9,0.0,89,14.7
2025-11-16 06:00:00,2025-11-16,06:00:00,6,Sunday,11.1,0.0,48,14.8
2025-11-16 07:00:00,2025-11-16,07:00:00,7,Sunday,11.8,0.0,96,16.6
2025-11-16 08:00:00,2025-11-16,08:00:00,8,Sunday,12.0,0.0,1,17.8
2025-11-16 09:00:00,2025-11-16,09:00:00,9,Sunday,12.6,0.0,0,18.2
2025-11-16 10:00:00,2025-11-16,10:00:00,10,Sunday,12.9,0.0,0,22.4
2025-11-16 11:00:00,2025-11-16,11:00:00,11,Sunday,12.2,0.0,3,24.9
2025-11-16 12:00:00,2025-11-16,12:00:00,12,Sunday,11.8,0.0,9,25.0
2025-11-16 13:00:00,2025-11-16,13:00:00,13,Sunday,11.5,0.0,3,25.4
2025-11-16 14:00:00,2025-11-16,14:00:00,14,Sunday,10.5,0.1,17,25.8
2025-11-16 15:00:00,2025-11-16,15:00:00,15,Sunday,10.1,0.0,35,22.1
2025-11-16 16:00:00,2025-11-16,16:00:00,16,Sunday,8.7,0.0,7,20.9
2025-11-16 17:00:00,2025-11-16,17:00:00,17,Sunday,7.2,0.0,0,19.5
2025-11-16 18:00:00,2025-11-16,18:00:00,18,Sunday,6.3,0.0,37,21.4
2025-11-16 19:00:00,2025-11-16,19:00:00,19,Sunday,5.4,0.0,3,16.0
2025-11-16 20:00:00,2025-11-16,20:00:00,20,Sunday,4.7,0.0,0,17.4
2025-11-16 21:00:00,2025-11-16,21:00:00,21,Sunday,4.7,0.0,5,16.6
2025-11-16 22:00:00,2025-11-16,22:00:00,22,Sunday,4.5,0.0,2,18.1
2025-11-16 23:00:00,2025-11-16,23:00:00,23,Sunday,3.8,0.0,100,13.2
2025-11-17 00:00:00,2025-11-17,00:00:00,0,Monday,3.5,0.0,5,12.1
2025-11-17 01:00:00,2025-11-17,01:00:00,1,Monday,3.5,0.0,13,16.2
2025-11-17 02:00:00,2025-11-17,02:00:00,2,Monday,2.7,0.0,18,16.1
2025-11-17 03:00:00,2025-11-17,03:00:00,3,Monday,2.2,0.0,6,15.0
2025-11-17 04:00:00,2025-11-17,04:00:00,4,Monday,1.8,0.0,0,14.9
2025-11-17 05:00:00,2025-11-17,05:00:00,5,Monday,1.5,0.0,0,14.2
2025-11-17 06:00:00,2025-11-17,06:00:00,6,Monday,1.3,0.0,0,14.2
2025-11-17 07:00:00,2025-11-17,07:00:00,7,Monday,1.8,0.0,16,16.0
2025-11-17 08:00:00,2025-11-17,08:00:00,8,Monday,2.9,0.0,4,17.1
2025-11-17 09:00:00,2025-11-17,09:00:00,9,Monday,4.0,0.0,59,20.6
2025-11-17 10:00:00,2025-11-17,10:00:00,10,Monday,4.8,0.0,56,24.6
2025-11-17 11:00:00,2025-11-17,11:00:00,11,Monday,5.4,0.0,14,25.1
2025-11-17 12:00:00,2025-11-17,12:00:00,12,Monday,6.0,0.0,74,24.2
2025-11-17 13:00:00,2025-11-17,13:00:00,13,Monday,6.0,0.0,100,25.5
2025-11-17 14:00:00,2025-11-17,14:00:00,14,Monday,5.8,0.0,99,24.0
2025-11-17 15:00:00,2025-11-17,15:00:00,15,Monday,5.9,0.0,73,25.1
2025-11-17 16:00:00,2025-11-17,16:00:00,16,Monday,5.6,0.0,0,16.8
2025-11-17 17:00:00,2025-11-17,17:00:00,17,Monday,4.7,0.0,0,15.1
2025-11-17 18:00:00,2025-11-17,18:00:00,18,Monday,4.3,0.0,1,13.5
2025-11-17 19:00:00,2025-11-17,19:00:00,19,Monday,3.8,0.0,1,12.8
2025-11-17 20:00:00,2025-11-17,20:00:00,20,Monday,3.7,0.0,2,14.0
2025-11-17 21:00:00,2025-11-17,21:00:00,21,Monday,3.5,0.0,2,15.3
2025-11-17 22:00:00,2025-11-17,22:00:00,22,Monday,3.2,0.0,3,16.4
2025-11-17 23:00:00,2025-11-17,23:00:00,23,Monday,3.0,0.0,2,16.1
2025-11-18 00:00:00,2025-11-18,00:00:00,0,Tuesday,2.7,0.0,0,15.1
2025-11-18 01:00:00,2025-11-18,01:00:00,1,Tuesday,2.9,0.0,1,13.8
2025-11-18 02:00:00,2025-11-18,02:00:00,2,Tuesday,2.6,0.0,0,12.3
2025-11-18 03:00:00,2025-11-18,03:00:00,3,Tuesday,2.1,0.0,0,11.1
2025-11-18 04:00:00,2025-11-18,04:00:00,4,Tuesday,1.7,0.0,0,11.2
2025-11-18 05:00:00,2025-11-18,05:00:00,5,Tuesday,1.3,0.0,1,10.7
2025-11-18 06:00:00,2025-11-18,06:00:00,6,Tuesday,0.9,0.0,0,10.2
2025-11-18 07:00:00,2025-11-18,07:00:00,7,Tuesday,0.8,0.0,0,9.4
2025-11-18 08:00:00,2025-11-18,08:00:00,8,Tuesday,1.8,0.0,0,10.0
2025-11-18 09:00:00,2025-11-18,09:00:00,9,Tuesday,3.6,0.0,0,9.7
2025-11-18 10:00:00,2025-11-18,10:00:00,10,Tuesday,5.3,0.0,2,13.1
2025-11-18 11:00:00,2025-11-18,11:00:00,11,Tuesday,6.2,0.0,30,13.3
2025-11-18 12:00:00,2025-11-18,12:00:00,12,Tuesday,7.1,0.0,97,13.2
2025-11-18 13:00:00,2025-11-18,13:00:00,13,Tuesday,7.4,0.0,59,13.3
2025-11-18 14:00:00,2025-11-18,14:00:00,14,Tuesday,7.8,0.0,100,12.2
2025-11-18 15:00:00,2025-11-18,15:00:00,15,Tuesday,7.5,0.0,100,10.8
2025-11-18 16:00:00,2025-11-18,16:00:00,16,Tuesday,7.0,0.0,100,5.9
2025-11-18 17:00:00,2025-11-18,17:00:00,17,Tuesday,6.6,0.0,100,2.5
2025-11-18 18:00:00,2025-11-18,18:00:00,18,Tuesday,6.5,0.0,100,3.0
2025-11-18 19:00:00,2025-11-18,19:00:00,19,Tuesday,6.1,0.0,100,5.1
2025-11-18 20:00:00,2025-11-18,20:00:00,20,Tuesday,5.7,0.0,100,4.8
2025-11-18 21:00:00,2025-11-18,21:00:00,21,Tuesday,4.9,0.0,100,5.2
2025-11-18 22:00:00,2025-11-18,22:00:00,22,Tuesday,4.1,0.0,100,4.2
2025-11-18 23:00:00,2025-11-18,23:00:00,23,Tuesday,4.3,0.0,100,3.2
2025-11-19 00:00:00,2025-11-19,00:00:00,0,Wednesday,4.6,0.0,100,2.3
2025-11-19 01:00:00,2025-11-19,01:00:00,1,Wednesday,4.6,0.0,100,1.1
2025-11-19 02:00:00,2025-11-19,02:00:00,2,Wednesday,4.5,0.0,100,0.7
2025-11-19 03:00:00,2025-11-19,03:00:00,3,Wednesday,4.2,0.1,100,0.3
2025-11-19 04:00:00,2025-11-19,04:00:00,4,Wednesday,3.9,0.2,100,1.2
2025-11-19 05:00:00,2025-11-19,05:00:00,5,Wednesday,3.8,0.4,100,2.6
2025-11-19 06:00:00,2025-11-19,06:00:00,6,Wednesday,1.9,0.8,100,0.5
2025-11-19 07:00:00,2025-11-19,07:00:00,7,Wednesday,2.5,1.2,100,3.1
2025-11-19 08:00:00,2025-11-19,08:00:00,8,Wednesday,2.8,0.5,100,3.9
2025-11-19 09:00:00,2025-11-19,09:00:00,9,Wednesday,3.2,0.5,100,7.4
2025-11-19 10:00:00,2025-11-19,10:00:00,10,Wednesday,4.4,0.1,100,8.7
2025-11-19 11:00:00,2025-11-19,11:00:00,11,Wednesday,5.3,0.0,100,7.8
2025-11-19 12:00:00,2025-11-19,12:00:00,12,Wednesday,6.1,0.0,84,7.5
2025-11-19 13:00:00,2025-11-19,13:00:00,13,Wednesday,7.5,0.0,82,6.0
2025-11-19 14:00:00,2025-11-19,14:00:00,14,Wednesday,8.1,0.0,100,5.0
2025-11-19 15:00:00,2025-11-19,15:00:00,15,Wednesday,8.1,0.0,100,5.5
2025-11-19 16:00:00,2025-11-19,16:00:00,16,Wednesday,7.7,0.0,77,4.3
2025-11-19 17:00:00,2025-11-19,17:00:00,17,Wednesday,6.7,0.0,10,1.4
2025-11-19 18:00:00,2025-11-19,18:00:00,18,Wednesday,5.5,0.0,0,4.1
2025-11-19 19:00:00,2025-11-19,19:00:00,19,Wednesday,3.9,0.0,0,4.2
2025-11-19 20:00:00,2025-11-19,20:00:00,20,Wednesday,3.1,0.0,0,4.9
2025-11-19 21:00:00,2025-11-19,21:00:00,21,Wednesday,2.8,0.0,40,5.0
2025-11-19 22:00:00,2025-11-19,22:00:00,22,Wednesday,2.4,0.0,100,5.9
2025-11-19 23:00:00,2025-11-19,23:00:00,23,Wednesday,2.0,0.0,100,5.8
2025-11-20 00:00:00,2025-11-20,00:00:00,0,Thursday,1.4,0.0,100,5.4
2025-11-20 01:00:00,2025-11-20,01:00:00,1,Thursday,1.3,0.0,100,6.2
2025-11-20 02:00:00,2025-11-20,02:00:00,2,Thursday,0.9,0.0,100,5.6
2025-11-20 03:00:00,2025-11-20,03:00:00,3,Thursday,0.6,0.0,100,5.6
2025-11-20 04:00:00,2025-11-20,04:00:00,4,Thursday,0.5,0.0,100,6.3
2025-11-20 05:00:00,2025-11-20,05:00:00,5,Thursday,0.4,0.0,100,5.8
2025-11-20 06:00:00,2025-11-20,06:00:00,6,Thursday,0.1,0.0,97,5.2
2025-11-20 07:00:00,2025-11-20,07:00:00,7,Thursday,-0.1,0.0,100,5.2
2025-11-20 08:00:00,2025-11-20,08:00:00,8,Thursday,0.7,0.0,100,6.6
2025-11-20 09:00:00,2025-11-20,09:00:00,9,Thursday,1.9,0.0,100,4.6
2025-11-20 10:00:00,2025-11-20,10:00:00,10,Thursday,3.1,0.0,100,3.6
2025-11-20 11:00:00,2025-11-20,11:00:00,11,Thursday,4.6,0.0,66,3.4
2025-11-20 12:00:00,2025-11-20,12:00:00,12,Thursday,6.3,0.0,25,2.4
2025-11-20 13:00:00,2025-11-20,13:00:00,13,Thursday,7.2,0.0,45,1.3
2025-11-20 14:00:00,2025-11-20,14:00:00,14,Thursday,7.7,0.0,30,1.7
2025-11-20 15:00:00,2025-11-20,15:00:00,15,Thursday,7.6,0.0,63,1.7
2025-11-20 16:00:00,2025-11-20,16:00:00,16,Thursday,6.6,0.0,2,2.3
2025-11-20 17:00:00,2025-11-20,17:00:00,17,Thursday,4.9,0.0,5,4.3
2025-11-20 18:00:00,2025-11-20,18:00:00,18,Thursday,4.0,0.0,79,4.5
2025-11-20 19:00:00,2025-11-20,19:00:00,19,Thursday,3.5,0.0,0,3.6
2025-11-20 20:00:00,2025-11-20,20:00:00,20,Thursday,2.9,0.0,0,2.0
2025-11-20 21:00:00,2025-11-20,21:00:00,21,Thursday,2.7,0.0,5,1.4
2025-11-20 22:00:00,2025-11-20,22:00:00,22,Thursday,2.7,0.0,97,1.5
2025-11-20 23:00:00,2025-11-20,23:00:00,23,Thursday,3.2,0.0,100,2.7
2025-11-21 00:00:00,2025-11-21,00:00:00,0,Friday,3.4,0.0,100,1.8
2025-11-21 01:00:00,2025-11-21,01:00:00,1,Friday,2.5,0.0,100,2.2
2025-11-21 02:00:00,2025-11-21,02:00:00,2,Friday,2.3,0.0,100,0.7
2025-11-21 03:00:00,2025-11-21,03:00:00,3,Friday,2.6,0.0,100,2.7
2025-11-21 04:00:00,2025-11-21,04:00:00,4,Friday,3.0,0.0,100,3.4
2025-11-21 05:00:00,2025-11-21,05:00:00,5,Friday,3.6,0.0,100,2.7
2025-11-21 06:00:00,2025-11-21,06:00:00,6,Friday,3.9,0.0,100,2.8
2025-11-21 07:00:00,2025-11-21,07:00:00,7,Friday,4.0,0.0,88,3.1
2025-11-21 08:00:00,2025-11-21,08:00:00,8,Friday,4.9,0.0,99,5.3
2025-11-21 09:00:00,2025-11-21,09:00:00,9,Friday,6.4,0.0,100,4.6
2025-11-21 10:00:00,2025-11-21,10:00:00,10,Friday,7.8,0.0,100,5.1
2025-11-21 11:00:00,2025-11-21,11:00:00,11,Friday,8.9,0.0,100,7.5
2025-11-21 12:00:00,2025-11-21,12:00:00,12,Friday,10.8,0.0,100,14.4
2025-11-21 13:00:00,2025-11-21,13:00:00,13,Friday,10.1,0.0,100,14.1
2025-11-21 14:00:00,2025-11-21,14:00:00,14,Friday,10.6,0.0,100,14.0
2025-11-21 15:00:00,2025-11-21,15:00:00,15,Friday,10.8,0.0,100,11.3
2025-11-21 16:00:00,2025-11-21,16:00:00,16,Friday,10.5,0.0,100,8.4
2025-11-21 17:00:00,2025-11-21,17:00:00,17,Friday,9.9,0.0,100,4.9
2025-11-21 18:00:00,2025-11-21,18:00:00,18,Friday,9.3,0.0,100,2.8
2025-11-21 19:00:00,2025-11-21,19:00:00,19,Friday,8.6,0.0,100,4.8
2025-11-21 20:00:00,2025-11-21,20:00:00,20,Friday,8.5,0.0,100,5.4
2025-11-21 21:00:00,2025-11-21,21:00:00,21,Friday,8.2,0.0,100,5.5
2025-11-21 22:00:00,2025-11-21,22:00:00,22,Friday,7.7,0.0,100,4.8
2025-11-21 23:00:00,2025-11-21,23:00:00,23,Friday,7.0,0.0,100,4.2
2025-11-22 00:00:00,2025-11-22,00:00:00,0,Saturday,6.9,0.0,100,3.6
2025-11-22 01:00:00,2025-11-22,01:00:00,1,Saturday,7.6,0.0,100,5.2
2025-11-22 02:00:00,2025-11-22,02:00:00,2,Saturday,7.8,0.2,100,3.9
2025-11-22 03:00:00,2025-11-22,03:00:00,3,Saturday,7.7,0.3,100,2.0
2025-11-22 04:00:00,2025-11-22,04:00:00,4,Saturday,7.5,0.5,100,1.4
2025-11-22 05:00:00,2025-11-22,05:00:00,5,Saturday,7.2,0.5,100,4.4
2025-11-22 06:00:00,2025-11-22,06:00:00,6,Saturday,7.4,1.7,100,8.3
2025-11-22 07:00:00,2025-11-22,07:00:00,7,Saturday,7.1,0.8,100,10.0
2025-11-22 08:00:00,2025-11-22,08:00:00,8,Saturday,7.4,0.6,100,6.6
2025-11-22 09:00:00,2025-11-22,09:00:00,9,Saturday,7.9,0.3,100,6.1
2025-11-22 10:00:00,2025-11-22,10:00:00,10,Saturday,8.3,0.0,100,4.3
2025-11-22 11:00:00,2025-11-22,11:00:00,11,Saturday,9.0,0.2,100,5.6
2025-11-22 12:00:00,2025-11-22,12:00:00,12,Saturday,9.3,0.0,51,8.6
2025-11-22 13:00:00,2025-11-22,13:00:00,13,Saturday,10.0,0.0,18,12.4
2025-11-22 14:00:00,2025-11-22,14:00:00,14,Saturday,10.9,0.0,98,11.2
2025-11-22 15:00:00,2025-11-22,15:00:00,15,Saturday,10.9,0.0,90,10.5
2025-11-22 16:00:00,2025-11-22,16:00:00,16,Saturday,10.2,0.0,9,9.9
2025-11-22 17:00:00,2025-11-22,17:00:00,17,Saturday,8.5,0.0,0,14.2
2025-11-22 18:00:00,2025-11-22,18:00:00,18,Saturday,7.2,0.0,0,10.9
2025-11-22 19:00:00,2025-11-22,19:00:00,19,Saturday,6.3,0.0,0,9.3
2025-11-22 20:00:00,2025-11-22,20:00:00,20,Saturday,5.7,0.0,0,10.1
2025-11-22 21:00:00,2025-11-22,21:00:00,21,Saturday,5.0,0.0,0,10.9
2025-11-22 22:00:00,2025-11-22,22:00:00,22,Saturday,4.2,0.0,25,7.8
2025-11-22 23:00:00,2025-11-22,23:00:00,23,Saturday,3.1,0.0,98,5.6
2025-11-23 00:00:00,2025-11-23,00:00:00,0,Sunday,2.4,0.0,43,4.6
2025-11-23 01:00:00,2025-11-23,01:00:00,1,Sunday,1.5,0.0,100,4.3
2025-11-23 02:00:00,2025-11-23,02:00:00,2,Sunday,0.8,0.0,0,4.4
2025-11-23 03:00:00,2025-11-23,03:00:00,3,Sunday,0.3,0.0,0,4.1
2025-11-23 04:00:00,2025-11-23,04:00:00,4,Sunday,-0.1,0.0,0,3.2
2025-11-23 05:00:00,2025-11-23,05:00:00,5,Sunday,-0.2,0.0,0,1.1
2025-11-23 06:00:00,2025-11-23,06:00:00,6,Sunday,-0.5,0.0,0,0.9
2025-11-23 07:00:00,2025-11-23,07:00:00,7,Sunday,-1.0,0.0,2,1.7
2025-11-23 08:00:00,2025-11-23,08:00:00,8,Sunday,0.1,0.0,100,5.0
2025-11-23 09:00:00,2025-11-23,09:00:00,9,Sunday,1.6,0.0,21,5.0
2025-11-23 10:00:00,2025-11-23,10:00:00,10,Sunday,4.1,0.0,100,4.7
2025-11-23 11:00:00,2025-11-23,11:00:00,11,Sunday,4.4,0.0,86,5.8
2025-11-23 12:00:00,2025-11-23,12:00:00,12,Sunday,5.4,0.0,95,5.6
2025-11-23 13:00:00,2025-11-23,13:00:00,13,Sunday,7.3,0.0,98,8.0
2025-11-23 14:00:00,2025-11-23,14:00:00,14,Sunday,7.1,0.0,100,8.1
2025-11-23 15:00:00,2025-11-23,15:00:00,15,Sunday,7.4,0.0,1,12.2
2025-11-23 16:00:00,2025-11-23,16:00:00,16,Sunday,7.5,0.0,5,10.3
2025-11-23 17:00:00,2025-11-23,17:00:00,17,Sunday,7.1,0.0,2,9.4
2025-11-23 18:00:00,2025-11-23,18:00:00,18,Sunday,6.6,0.0,0,11.4
2025-11-23 19:00:00,2025-11-23,19:00:00,19,Sunday,6.3,0.0,2,10.3
2025-11-23 20:00:00,2025-11-23,20:00:00,20,Sunday,6.0,0.0,15,9.3
2025-11-23 21:00:00,2025-11-23,21:00:00,21,Sunday,5.7,0.0,2,9.6
2025-11-23 22:00:00,2025-11-23,22:00:00,22,Sunday,5.3,0.0,2,9.6
2025-11-23 23:00:00,2025-11-23,23:00:00,23,Sunday,5.0,0.0,0,9.4
2025-11-24 00:00:00,2025-11-24,00:00:00,0,Monday,4.8,0.0,0,9.4
2025-11-24 01:00:00,2025-11-24,01:00:00,1,Monday,4.7,0.0,1,11.1
2025-11-24 02:00:00,2025-11-24,02:00:00,2,Monday,4.6,0.0,2,11.1
2025-11-24 03:00:00,2025-11-24,03:00:00,3,Monday,4.3,0.0,7,10.0
2025-11-24 04:00:00,2025-11-24,04:00:00,4,Monday,4.1,0.0,2,10.1
2025-11-24 05:00:00,2025-11-24,05:00:00,5,Monday,4.1,0.0,3,11.1
2025-11-24 06:00:00,2025-11-24,06:00:00,6,Monday,4.1,0.0,3,12.0
2025-11-24 07:00:00,2025-11-24,07:00:00,7,Monday,4.6,0.0,2,10.9
2025-11-24 08:00:00,2025-11-24,08:00:00,8,Monday,5.8,0.0,6,11.5
2025-11-24 09:00:00,2025-11-24,09:00:00,9,Monday,7.3,0.0,4,10.7
2025-11-24 10:00:00,2025-11-24,10:00:00,10,Monday,8.2,0.0,6,13.5
2025-11-24 11:00:00,2025-11-24,11:00:00,11,Monday,9.0,0.0,1,12.1
2025-11-24 12:00:00,2025-11-24,12:00:00,12,Monday,9.6,0.0,0,10.0
2025-11-24 13:00:00,2025-11-24,13:00:00,13,Monday,10.7,0.0,27,8.7
2025-11-24 14:00:00,2025-11-24,14:00:00,14,Monday,11.2,0.0,0,8.9
2025-11-24 15:00:00,2025-11-24,15:00:00,15,Monday,11.1,0.0,8,9.0
2025-11-24 16:00:00,2025-11-24,16:00:00,16,Monday,10.1,0.0,17,4.7
2025-11-24 17:00:00,2025-11-24,17:00:00,17,Monday,8.2,0.0,45,2.2
2025-11-24 18:00:00,2025-11-24,18:00:00,18,Monday,7.2,0.0,99,2.4
2025-11-24 19:00:00,2025-11-24,19:00:00,19,Monday,6.6,0.0,100,3.0
2025-11-24 20:00:00,2025-11-24,20:00:00,20,Monday,5.9,0.0,100,0.7
2025-11-24 21:00:00,2025-11-24,21:00:00,21,Monday,5.1,0.0,100,2.3
2025-11-24 22:00:00,2025-11-24,22:00:00,22,Monday,4.8,0.0,100,1.9
2025-11-24 23:00:00,2025-11-24,23:00:00,23,Monday,4.3,0.0,100,3.5
2025-11-25 00:00:00,2025-11-25,00:00:00,0,Tuesday,3.9,0.0,100,4.6
2025-11-25 01:00:00,2025-11-25,01:00:00,1,Tuesday,3.6,0.0,100,4.8
2025-11-25 02:00:00,2025-11-25,02:00:00,2,Tuesday,3.0,0.0,100,4.2
2025-11-25 03:00:00,2025-11-25,03:00:00,3,Tuesday,2.8,0.0,100,4.5
2025-11-25 04:00:00,2025-11-25,04:00:00,4,Tuesday,2.8,0.0,100,5.7
2025-11-25 05:00:00,2025-11-25,05:00:00,5,Tuesday,2.8,0.0,100,5.3
2025-11-25 06:00:00,2025-11-25,06:00:00,6,Tuesday,3.6,0.0,100,5.1
2025-11-25 07:00:00,2025-11-25,07:00:00,7,Tuesday,4.0,0.0,100,5.2
2025-11-25 08:00:00,2025-11-25,08:00:00,8,Tuesday,5.1,0.0,100,7.1
2025-11-25 09:00:00,2025-11-25,09:00:00,9,Tuesday,6.7,0.0,100,9.0
2025-11-25 10:00:00,2025-11-25,10:00:00,10,Tuesday,8.2,0.0,100,7.1
2025-11-25 11:00:00,2025-11-25,11:00:00,11,Tuesday,9.2,0.0,100,4.7
2025-11-25 12:00:00,2025-11-25,12:00:00,12,Tuesday,10.1,0.0,100,3.7
2025-11-25 13:00:00,2025-11-25,13:00:00,13,Tuesday,11.9,0.0,100,6.4
2025-11-25 14:00:00,2025-11-25,14:00:00,14,Tuesday,12.3,0.0,100,7.4
2025-11-25 15:00:00,2025-11-25,15:00:00,15,Tuesday,11.4,0.3,100,6.3
2025-11-25 16:00:00,2025-11-25,16:00:00,16,Tuesday,10.6,0.5,100,9.7
2025-11-25 17:00:00,2025-11-25,17:00:00,17,Tuesday,10.2,0.8,100,13.1
2025-11-25 18:00:00,2025-11-25,18:00:00,18,Tuesday,10.1,1.2,100,9.7
2025-11-25 19:00:00,2025-11-25,19:00:00,19,Tuesday,10.5,1.1,100,9.4
2025-11-25 20:00:00,2025-11-25,20:00:00,20,Tuesday,10.9,1.6,100,10.5
2025-11-25 21:00:00,2025-11-25,21:00:00,21,Tuesday,11.6,2.2,100,13.5
2025-11-25 22:00:00,2025-11-25,22:00:00,22,Tuesday,12.6,2.5,100,18.0
2025-11-25 23:00:00,2025-11-25,23:00:00,23,Tuesday,12.8,3.5,100,17.4
2025-11-26 00:00:00,2025-11-26,00:00:00,0,Wednesday,13.3,0.2,100,17.2
2025-11-26 01:00:00,2025-11-26,01:00:00,1,Wednesday,13.1,0.0,100,13.7
2025-11-26 02:00:00,2025-11-26,02:00:00,2,Wednesday,12.7,0.0,67,10.8
2025-11-26 03:00:00,2025-11-26,03:00:00,3,Wednesday,12.2,0.0,87,11.6
2025-11-26 04:00:00,2025-11-26,04:00:00,4,Wednesday,11.4,0.0,96,11.7
2025-11-26 05:00:00,2025-11-26,05:00:00,5,Wednesday,11.0,0.0,63,12.0
2025-11-26 06:00:00,2025-11-26,06:00:00,6,Wednesday,10.7,0.0,13,10.9
2025-11-26 07:00:00,2025-11-26,07:00:00,7,Wednesday,11.2,0.0,100,9.9
2025-11-26 08:00:00,2025-11-26,08:00:00,8,Wednesday,12.0,0.0,49,10.8
2025-11-26 09:00:00,2025-11-26,09:00:00,9,Wednesday,13.5,0.0,100,13.6
2025-11-26 10:00:00,2025-11-26,10:00:00,10,Wednesday,14.0,0.0,100,13.7
2025-11-26 11:00:00,2025-11-26,11:00:00,11,Wednesday,14.9,0.0,100,15.4
2025-11-26 12:00:00,2025-11-26,12:00:00,12,Wednesday,15.3,0.0,100,13.1
2025-11-26 13:00:00,2025-11-26,13:00:00,13,Wednesday,14.5,0.0,100,8.7
2025-11-26 14:00:00,2025-11-26,14:00:00,14,Wednesday,14.7,0.0,100,7.3
2025-11-26 15:00:00,2025-11-26,15:00:00,15,Wednesday,14.7,0.0,100,8.2
2025-11-26 16:00:00,2025-11-26,16:00:00,16,Wednesday,14.4,0.1,100,6.4
2025-11-26 17:00:00,2025-11-26,17:00:00,17,Wednesday,13.8,0.0,23,7.5
2025-11-26 18:00:00,2025-11-26,18:00:00,18,Wednesday,13.0,0.0,38,8.4
2025-11-26 19:00:00,2025-11-26,19:00:00,19,Wednesday,13.4,0.0,100,11.2
2025-11-26 20:00:00,2025-11-26,20:00:00,20,Wednesday,12.9,0.8,82,9.7
2025-11-26 21:00:00,2025-11-26,21:00:00,21,Wednesday,12.5,0.0,67,14.4
2025-11-26 22:00:00,2025-11-26,22:00:00,22,Wednesday,11.6,0.0,25,17.6
2025-11-26 23:00:00,2025-11-26,23:00:00,23,Wednesday,10.2,0.0,100,14.9
2025-11-27 00:00:00,2025-11-27,00:00:00,0,Thursday,9.2,0.0,5,14.3
2025-11-27 01:00:00,2025-11-27,01:00:00,1,Thursday,7.2,0.0,0,20.0
2025-11-27 02:00:00,2025-11-27,02:00:00,2,Thursday,5.9,0.0,16,18.7
2025-11-27 03:00:00,2025-11-27,03:00:00,3,Thursday,5.4,0.0,98,16.1
2025-11-27 04:00:00,2025-11-27,04:00:00,4,Thursday,5.0,0.0,68,15.1
2025-11-27 05:00:00,2025-11-27,05:00:00,5,Thursday,4.5,0.0,52,15.9
2025-11-27 06:00:00,2025-11-27,06:00:00,6,Thursday,3.7,0.0,27,17.5
2025-11-27 07:00:00,2025-11-27,07:00:00,7,Thursday,3.9,0.0,58,13.3
2025-11-27 08:00:00,2025-11-27,08:00:00,8,Thursday,4.5,0.0,84,13.7
2025-11-27 09:00:00,2025-11-27,09:00:00,9,Thursday,5.5,0.0,76,12.9
2025-11-27 10:00:00,2025-11-27,10:00:00,10,Thursday,6.3,0.0,99,16.6
2025-11-27 11:00:00,2025-11-27,11:00:00,11,Thursday,7.0,0.0,89,17.3
2025-11-27 12:00:00,2025-11-27,12:00:00,12,Thursday,7.0,0.0,98,17.5
2025-11-27 13:00:00,2025-11-27,13:00:00,13,Thursday,7.3,0.0,20,16.2
2025-11-27 14:00:00,2025-11-27,14:00:00,14,Thursday,6.9,0.0,73,16.9
2025-11-27 15:00:00,2025-11-27,15:00:00,15,Thursday,6.3,0.0,100,16.7
2025-11-27 16:00:00,2025-11-27,16:00:00,16,Thursday,5.2,0.0,99,14.1
2025-11-27 17:00:00,2025-11-27,17:00:00,17,Thursday,4.3,0.0,100,13.1
2025-11-27 18:00:00,2025-11-27,18:00:00,18,Thursday,3.9,0.0,93,12.6
2025-11-27 19:00:00,2025-11-27,19:00:00,19,Thursday,3.5,0.0,100,13.6
2025-11-27 20:00:00,2025-11-27,20:00:00,20,Thursday,3.2,0.0,96,12.8
2025-11-27 21:00:00,2025-11-27,21:00:00,21,Thursday,2.9,0.0,99,12.1
2025-11-27 22:00:00,2025-11-27,22:00:00,22,Thursday,2.3,0.0,8,13.3
2025-11-27 23:00:00,2025-11-27,23:00:00,23,Thursday,1.7,0.0,0,13.5
2025-11-28 00:00:00,2025-11-28,00:00:00,0,Friday,1.2,0.0,0,13.4
2025-11-28 01:00:00,2025-11-28,01:00:00,1,Friday,1.2,0.0,2,14.7
2025-11-28 02:00:00,2025-11-28,02:00:00,2,Friday,0.9,0.0,0,13.3
2025-11-28 03:00:00,2025-11-28,03:00:00,3,Friday,0.6,0.0,0,12.6
2025-11-28 04:00:00,2025-11-28,04:00:00,4,Friday,0.3,0.0,0,13.1
2025-11-28 05:00:00,2025-11-28,05:00:00,5,Friday,0.1,0.0,0,13.8
2025-11-28 06:00:00,2025-11-28,06:00:00,6,Friday,-0.1,0.0,2,13.7
2025-11-28 07:00:00,2025-11-28,07:00:00,7,Friday,0.3,0.0,6,16.2
2025-11-28 08:00:00,2025-11-28,08:00:00,8,Friday,1.0,0.0,0,16.3
2025-11-28 09:00:00,2025-11-28,09:00:00,9,Friday,2.1,0.0,12,15.0
2025-11-28 10:00:00,2025-11-28,10:00:00,10,Friday,3.3,0.0,17,19.7
2025-11-28 11:00:00,2025-11-28,11:00:00,11,Friday,4.1,0.0,15,21.0
2025-11-28 12:00:00,2025-11-28,12:00:00,12,Friday,5.3,0.0,43,21.3
2025-11-28 13:00:00,2025-11-28,13:00:00,13,Friday,5.4,0.0,41,23.1
2025-11-28 14:00:00,2025-11-28,14:00:00,14,Friday,5.5,0.0,77,25.9
2025-11-28 15:00:00,2025-11-28,15:00:00,15,Friday,5.0,0.0,37,24.5
2025-11-28 16:00:00,2025-11-28,16:00:00,16,Friday,4.6,0.0,12,18.4
2025-11-28 17:00:00,2025-11-28,17:00:00,17,Friday,3.5,0.0,0,17.8
2025-11-28 18:00:00,2025-11-28,18:00:00,18,Friday,3.1,0.0,10,17.8
2025-11-28 19:00:00,2025-11-28,19:00:00,19,Friday,2.8,0.0,13,18.0
2025-11-28 20:00:00,2025-11-28,20:00:00,20,Friday,2.3,0.0,5,17.3
2025-11-28 21:00:00,2025-11-28,21:00:00,21,Friday,1.9,0.0,5,16.9
2025-11-28 22:00:00,2025-11-28,22:00:00,22,Friday,1.5,0.0,2,16.6
2025-11-28 23:00:00,2025-11-28,23:00:00,23,Friday,1.0,0.0,8,16.0
2025-11-29 00:00:00,2025-11-29,00:00:00,0,Saturday,0.7,0.0,12,15.7
2025-11-29 01:00:00,2025-11-29,01:00:00,1,Saturday,0.7,0.0,0,14.6
2025-11-29 02:00:00,2025-11-29,02:00:00,2,Saturday,0.3,0.0,0,13.5
2025-11-29 03:00:00,2025-11-29,03:00:00,3,Saturday,0.2,0.0,0,13.4
2025-11-29 04:00:00,2025-11-29,04:00:00,4,Saturday,0.1,0.0,0,13.1
2025-11-29 05:00:00,2025-11-29,05:00:00,5,Saturday,-0.1,0.0,0,12.7
2025-11-29 06:00:00,2025-11-29,06:00:00,6,Saturday,-0.3,0.0,0,12.5
2025-11-29 07:00:00,2025-11-29,07:00:00,7,Saturday,-0.3,0.0,0,12.9
2025-11-29 08:00:00,2025-11-29,08:00:00,8,Saturday,0.2,0.0,0,13.4
2025-11-29 09:00:00,2025-11-29,09:00:00,9,Saturday,1.4,0.0,0,9.2
2025-11-29 10:00:00,2025-11-29,10:00:00,10,Saturday,2.8,0.0,0,12.0
2025-11-29 11:00:00,2025-11-29,11:00:00,11,Saturday,3.7,0.0,0,13.2
2025-11-29 12:00:00,2025-11-29,12:00:00,12,Saturday,4.4,0.0,1,13.0
2025-11-29 13:00:00,2025-11-29,13:00:00,13,Saturday,5.4,0.0,0,11.5
2025-11-29 14:00:00,2025-11-29,14:00:00,14,Saturday,5.7,0.0,0,11.7
2025-11-29 15:00:00,2025-11-29,15:00:00,15,Saturday,5.3,0.0,0,10.2
2025-11-29 16:00:00,2025-11-29,16:00:00,16,Saturday,4.4,0.0,0,6.0
2025-11-29 17:00:00,2025-11-29,17:00:00,17,Saturday,2.4,0.0,59,5.1
2025-11-29 18:00:00,2025-11-29,18:00:00,18,Saturday,1.7,0.0,69,5.8
2025-11-29 19:00:00,2025-11-29,19:00:00,19,Saturday,1.1,0.0,84,4.6
2025-11-29 20:00:00,2025-11-29,20:00:00,20,Saturday,0.4,0.0,63,4.6
2025-11-29 21:00:00,2025-11-29,21:00:00,21,Saturday,-0.2,0.0,100,4.0
2025-11-29 22:00:00,2025-11-29,22:00:00,22,Saturday,-0.4,0.0,100,3.9
2025-11-29 23:00:00,2025-11-29,23:00:00,23,Saturday,-0.2,0.0,100,1.8
2025-11-30 00:00:00,2025-11-30,00:00:00,0,Sunday,-0.5,0.0,100,2.6
2025-11-30 01:00:00,2025-11-30,01:00:00,1,Sunday,0.2,0.0,100,5.8
2025-11-30 02:00:00,2025-11-30,02:00:00,2,Sunday,0.6,0.0,100,7.3
2025-11-30 03:00:00,2025-11-30,03:00:00,3,Sunday,0.6,0.0,100,2.2
2025-11-30 04:00:00,2025-11-30,04:00:00,4,Sunday,0.7,0.0,100,1.4
2025-11-30 05:00:00,2025-11-30,05:00:00,5,Sunday,0.4,0.0,100,4.1
2025-11-30 06:00:00,2025-11-30,06:00:00,6,Sunday,0.8,0.0,100,5.6
2025-11-30 07:00:00,2025-11-30,07:00:00,7,Sunday,0.2,0.0,100,4.1
2025-11-30 08:00:00,2025-11-30,08:00:00,8,Sunday,1.6,0.0,100,5.5
2025-11-30 09:00:00,2025-11-30,09:00:00,9,Sunday,3.1,0.0,100,6.0
2025-11-30 10:00:00,2025-11-30,10:00:00,10,Sunday,3.5,0.0,100,5.3
2025-11-30 11:00:00,2025-11-30,11:00:00,11,Sunday,4.2,0.3,100,9.3
2025-11-30 12:00:00,2025-11-30,12:00:00,12,Sunday,4.2,0.8,100,11.9
2025-11-30 13:00:00,2025-11-30,13:00:00,13,Sunday,3.8,0.6,100,10.7
2025-11-30 14:00:00,2025-11-30,14:00:00,14,Sunday,4.2,0.3,100,11.5
2025-11-30 15:00:00,2025-11-30,15:00:00,15,Sunday,4.3,0.4,100,10.2
2025-11-30 16:00:00,2025-11-30,16:00:00,16,Sunday,4.4,0.4,100,12.5
2025-11-30 17:00:00,2025-11-30,17:00:00,17,Sunday,4.6,0.3,100,12.1
2025-11-30 18:00:00,2025-11-30,18:00:00,18,Sunday,4.8,0.2,100,12.4
2025-11-30 19:00:00,2025-11-30,19:00:00,19,Sunday,4.7,0.0,100,11.8
2025-11-30 20:00:00,2025-11-30,20:00:00,20,Sunday,4.7,0.0,100,12.3
2025-11-30 21:00:00,2025-11-30,21:00:00,21,Sunday,4.5,0.0,100,11.9
2025-11-30 22:00:00,2025-11-30,22:00:00,22,Sunday,3.7,0.0,100,10.0
2025-11-30 23:00:00,2025-11-30,23:00:00,23,Sunday,3.9,0.0,100,14.8
2025-12-01 00:00:00,2025-12-01,00:00:00,0,Monday,3.8,0.0,100,17.8
2025-12-01 01:00:00,2025-12-01,01:00:00,1,Monday,3.6,0.0,98,17.1
2025-12-01 02:00:00,2025-12-01,02:00:00,2,Monday,2.9,0.0,6,11.4
2025-12-01 03:00:00,2025-12-01,03:00:00,3,Monday,2.5,0.0,27,13.8
2025-12-01 04:00:00,2025-12-01,04:00:00,4,Monday,2.3,0.0,45,14.6
2025-12-01 05:00:00,2025-12-01,05:00:00,5,Monday,2.1,0.0,27,13.4
2025-12-01 06:00:00,2025-12-01,06:00:00,6,Monday,1.9,0.0,23,10.0
2025-12-01 07:00:00,2025-12-01,07:00:00,7,Monday,2.1,0.0,8,11.5
2025-12-01 08:00:00,2025-12-01,08:00:00,8,Monday,2.8,0.0,5,12.6
2025-12-01 09:00:00,2025-12-01,09:00:00,9,Monday,3.7,0.0,9,15.1
2025-12-01 10:00:00,2025-12-01,10:00:00,10,Monday,4.0,0.0,7,14.6
2025-12-01 11:00:00,2025-12-01,11:00:00,11,Monday,4.5,0.0,0,13.8
2025-12-01 12:00:00,2025-12-01,12:00:00,12,Monday,4.9,0.0,23,12.4
2025-12-01 13:00:00,2025-12-01,13:00:00,13,Monday,5.7,0.0,16,11.2
2025-12-01 14:00:00,2025-12-01,14:00:00,14,Monday,5.9,0.0,63,10.2
2025-12-01 15:00:00,2025-12-01,15:00:00,15,Monday,5.5,0.0,52,9.8
2025-12-01 16:00:00,2025-12-01,16:00:00,16,Monday,4.4,0.0,95,7.3
2025-12-01 17:00:00,2025-12-01,17:00:00,17,Monday,2.9,0.0,100,6.4
2025-12-01 18:00:00,2025-12-01,18:00:00,18,Monday,2.2,0.0,100,7.4
2025-12-01 19:00:00,2025-12-01,19:00:00,19,Monday,1.2,0.0,98,4.6
2025-12-01 20:00:00,2025-12-01,20:00:00,20,Monday,0.6,0.0,93,4.2
2025-12-01 21:00:00,2025-12-01,21:00:00,21,Monday,-0.0,0.0,83,4.4
2025-12-01 22:00:00,2025-12-01,22:00:00,22,Monday,-0.5,0.0,91,5.0
2025-12-01 23:00:00,2025-12-01,23:00:00,23,Monday,-1.2,0.0,100,4.8
2025-12-02 00:00:00,2025-12-02,00:00:00,0,Tuesday,-1.2,0.0,100,1.4
2025-12-02 01:00:00,2025-12-02,01:00:00,1,Tuesday,-1.7,0.0,100,3.9
2025-12-02 02:00:00,2025-12-02,02:00:00,2,Tuesday,-1.6,0.0,100,4.1
2025-12-02 03:00:00,2025-12-02,03:00:00,3,Tuesday,-1.5,0.0,100,4.6
2025-12-02 04:00:00,2025-12-02,04:00:00,4,Tuesday,-0.9,0.0,100,6.9
2025-12-02 05:00:00,2025-12-02,05:00:00,5,Tuesday,-0.8,0.0,100,5.6
2025-12-02 06:00:00,2025-12-02,06:00:00,6,Tuesday,-0.5,0.0,100,3.9
2025-12-02 07:00:00,2025-12-02,07:00:00,7,Tuesday,-0.1,0.0,100,5.3
2025-12-02 08:00:00,2025-12-02,08:00:00,8,Tuesday,0.3,0.1,100,6.7
2025-12-02 09:00:00,2025-12-02,09:00:00,9,Tuesday,0.8,0.4,100,7.8
2025-12-02 10:00:00,2025-12-02,10:00:00,10,Tuesday,0.9,1.6,100,8.4
2025-12-02 11:00:00,2025-12-02,11:00:00,11,Tuesday,0.8,2.6,100,13.7
2025-12-02 12:00:00,2025-12-02,12:00:00,12,Tuesday,1.3,2.2,100,15.6
2025-12-02 13:00:00,2025-12-02,13:00:00,13,Tuesday,1.9,2.2,100,17.0
2025-12-02 14:00:00,2025-12-02,14:00:00,14,Tuesday,2.8,2.5,100,15.3
2025-12-02 15:00:00,2025-12-02,15:00:00,15,Tuesday,2.6,3.0,100,15.2
2025-12-02 16:00:00,2025-12-02,16:00:00,16,Tuesday,2.5,1.8,100,17.2
2025-12-02 17:00:00,2025-12-02,17:00:00,17,Tuesday,2.4,0.6,100,16.7
2025-12-02 18:00:00,2025-12-02,18:00:00,18,Tuesday,2.0,0.0,100,15.7
2025-12-02 19:00:00,2025-12-02,19:00:00,19,Tuesday,2.3,0.0,100,14.9
2025-12-02 20:00:00,2025-12-02,20:00:00,20,Tuesday,2.2,0.0,100,16.1
2025-12-02 21:00:00,2025-12-02,21:00:00,21,Tuesday,2.2,0.0,100,16.2
2025-12-02 22:00:00,2025-12-02,22:00:00,22,Tuesday,2.0,0.0,100,14.9
2025-12-02 23:00:00,2025-12-02,23:00:00,23,Tuesday,2.1,0.0,100,14.1
2025-12-03 00:00:00,2025-12-03,00:00:00,0,Wednesday,2.2,0.0,96,15.1
2025-12-03 01:00:00,2025-12-03,01:00:00,1,Wednesday,1.9,0.0,45,17.7
2025-12-03 02:00:00,2025-12-03,02:00:00,2,Wednesday,1.2,0.0,75,17.6
2025-12-03 03:00:00,2025-12-03,03:00:00,3,Wednesday,0.8,0.0,34,16.0
2025-12-03 04:00:00,2025-12-03,04:00:00,4,Wednesday,0.1,0.0,2,15.3
2025-12-03 05:00:00,2025-12-03,05:00:00,5,Wednesday,-0.6,0.0,4,12.5
2025-12-03 06:00:00,2025-12-03,06:00:00,6,Wednesday,-1.3,0.0,0,10.5
2025-12-03 07:00:00,2025-12-03,07:00:00,7,Wednesday,-1.4,0.0,0,8.8
2025-12-03 08:00:00,2025-12-03,08:00:00,8,Wednesday,-1.3,0.0,11,8.4
2025-12-03 09:00:00,2025-12-03,09:00:00,9,Wednesday,-0.4,0.0,98,10.0
2025-12-03 10:00:00,2025-12-03,10:00:00,10,Wednesday,0.6,0.0,47,7.7
2025-12-03 11:00:00,2025-12-03,11:00:00,11,Wednesday,1.6,0.0,15,8.3
2025-12-03 12:00:00,2025-12-03,12:00:00,12,Wednesday,2.4,0.0,10,7.5
2025-12-03 13:00:00,2025-12-03,13:00:00,13,Wednesday,3.7,0.0,2,6.2
2025-12-03 14:00:00,2025-12-03,14:00:00,14,Wednesday,4.1,0.0,0,5.5
2025-12-03 15:00:00,2025-12-03,15:00:00,15,Wednesday,4.0,0.0,4,4.0
2025-12-03 16:00:00,2025-12-03,16:00:00,16,Wednesday,3.1,0.0,88,1.2
2025-12-03 17:00:00,2025-12-03,17:00:00,17,Wednesday,1.7,0.0,23,1.9
2025-12-03 18:00:00,2025-12-03,18:00:00,18,Wednesday,0.9,0.0,15,5.5
2025-12-03 19:00:00,2025-12-03,19:00:00,19,Wednesday,0.4,0.0,0,5.9
2025-12-03 20:00:00,2025-12-03,20:00:00,20,Wednesday,-0.1,0.0,0,5.9
2025-12-03 21:00:00,2025-12-03,21:00:00,21,Wednesday,-0.4,0.0,0,5.8
2025-12-03 22:00:00,2025-12-03,22:00:00,22,Wednesday,-0.4,0.0,0,6.8
2025-12-03 23:00:00,2025-12-03,23:00:00,23,Wednesday,-0.7,0.0,1,6.8
